﻿<?xml version="1.0" encoding="utf-8"?>
<Benchmark xmlns:xsi="http://www.w3.org/2001/XMLSchema-instance" xmlns:xsd="http://www.w3.org/2001/XMLSchema" Name="BM_2018_8_27_5_46_6.xml" CreatedDate="2018-08-27 05:46:06" Comment="" IsMaster="false" Precision="1" Recall="1" RelativeThreshold="0.10000000149011612" AbsoluteThreshold="0.49000000953674316">
  <BenchmarkClasses>
    <BenchmarkClass Name="Document">
      <Precision>0</Precision>
      <Recall>0</Recall>
    </BenchmarkClass>
    <BenchmarkClass Name="Payment">
      <Precision>1</Precision>
      <Recall>1</Recall>
    </BenchmarkClass>
    <BenchmarkClass Name="Structured">
      <Precision>0</Precision>
      <Recall>0</Recall>
    </BenchmarkClass>
    <BenchmarkClass Name="Unstructured">
      <Precision>0</Precision>
      <Recall>0</Recall>
    </BenchmarkClass>
    <BenchmarkClass Name="AccountMaintena">
      <Precision>0</Precision>
      <Recall>0</Recall>
    </BenchmarkClass>
  </BenchmarkClasses>
</Benchmark>