﻿<?xml version="1.0" encoding="utf-8"?>
<Benchmark xmlns:xsi="http://www.w3.org/2001/XMLSchema-instance" xmlns:xsd="http://www.w3.org/2001/XMLSchema" Name="Second Run.xml" CreatedDate="2018-08-28 07:37:18" Comment="" IsMaster="false">
  <BenchmarkSummaries>
    <BenchmarkSummary Name="ResultTruePositives" AllPercentage="0.641666651" AllCount="77">
      <SummaryFields>
        <SummaryField Name="DocumentField">
          <Percentage>0</Percentage>
          <Count>0</Count>
        </SummaryField>
        <SummaryField Name="Amount">
          <Percentage>1</Percentage>
          <Count>20</Count>
        </SummaryField>
        <SummaryField Name="Currency">
          <Percentage>1</Percentage>
          <Count>20</Count>
        </SummaryField>
        <SummaryField Name="IBAN">
          <Percentage>0.95</Percentage>
          <Count>19</Count>
        </SummaryField>
        <SummaryField Name="Reference">
          <Percentage>0</Percentage>
          <Count>0</Count>
        </SummaryField>
        <SummaryField Name="ClientName">
          <Percentage>0.9</Percentage>
          <Count>18</Count>
        </SummaryField>
      </SummaryFields>
    </BenchmarkSummary>
    <BenchmarkSummary Name="ResultTrueNegatives" AllPercentage="0.283333331" AllCount="34">
      <SummaryFields>
        <SummaryField Name="DocumentField">
          <Percentage>1</Percentage>
          <Count>20</Count>
        </SummaryField>
        <SummaryField Name="Amount">
          <Percentage>0</Percentage>
          <Count>0</Count>
        </SummaryField>
        <SummaryField Name="Currency">
          <Percentage>0</Percentage>
          <Count>0</Count>
        </SummaryField>
        <SummaryField Name="IBAN">
          <Percentage>0.05</Percentage>
          <Count>1</Count>
        </SummaryField>
        <SummaryField Name="Reference">
          <Percentage>0.55</Percentage>
          <Count>11</Count>
        </SummaryField>
        <SummaryField Name="ClientName">
          <Percentage>0.1</Percentage>
          <Count>2</Count>
        </SummaryField>
      </SummaryFields>
    </BenchmarkSummary>
    <BenchmarkSummary Name="ResultFalseNegatives" AllPercentage="0.075" AllCount="9">
      <SummaryFields>
        <SummaryField Name="DocumentField">
          <Percentage>0</Percentage>
          <Count>0</Count>
        </SummaryField>
        <SummaryField Name="Amount">
          <Percentage>0</Percentage>
          <Count>0</Count>
        </SummaryField>
        <SummaryField Name="Currency">
          <Percentage>0</Percentage>
          <Count>0</Count>
        </SummaryField>
        <SummaryField Name="IBAN">
          <Percentage>0</Percentage>
          <Count>0</Count>
        </SummaryField>
        <SummaryField Name="Reference">
          <Percentage>0.45</Percentage>
          <Count>9</Count>
        </SummaryField>
        <SummaryField Name="ClientName">
          <Percentage>0</Percentage>
          <Count>0</Count>
        </SummaryField>
      </SummaryFields>
    </BenchmarkSummary>
    <BenchmarkSummary Name="ResultFalsePositives" AllPercentage="0" AllCount="0">
      <SummaryFields>
        <SummaryField Name="DocumentField">
          <Percentage>0</Percentage>
          <Count>0</Count>
        </SummaryField>
        <SummaryField Name="Amount">
          <Percentage>0</Percentage>
          <Count>0</Count>
        </SummaryField>
        <SummaryField Name="Currency">
          <Percentage>0</Percentage>
          <Count>0</Count>
        </SummaryField>
        <SummaryField Name="IBAN">
          <Percentage>0</Percentage>
          <Count>0</Count>
        </SummaryField>
        <SummaryField Name="Reference">
          <Percentage>0</Percentage>
          <Count>0</Count>
        </SummaryField>
        <SummaryField Name="ClientName">
          <Percentage>0</Percentage>
          <Count>0</Count>
        </SummaryField>
      </SummaryFields>
    </BenchmarkSummary>
    <BenchmarkSummary Name="ResultMissing" AllPercentage="0" AllCount="0">
      <SummaryFields>
        <SummaryField Name="DocumentField">
          <Percentage>0</Percentage>
          <Count>0</Count>
        </SummaryField>
        <SummaryField Name="Amount">
          <Percentage>0</Percentage>
          <Count>0</Count>
        </SummaryField>
        <SummaryField Name="Currency">
          <Percentage>0</Percentage>
          <Count>0</Count>
        </SummaryField>
        <SummaryField Name="IBAN">
          <Percentage>0</Percentage>
          <Count>0</Count>
        </SummaryField>
        <SummaryField Name="Reference">
          <Percentage>0</Percentage>
          <Count>0</Count>
        </SummaryField>
        <SummaryField Name="ClientName">
          <Percentage>0</Percentage>
          <Count>0</Count>
        </SummaryField>
      </SummaryFields>
    </BenchmarkSummary>
  </BenchmarkSummaries>
  <BenchmarkDocuments>
    <BenchmarkDocument Name="C:\UBS\tif_benchmark\p001.xdc" className="Payment" TruePositives="0.6666667" FalsePositives="0" TrueNegatives="0.333333343" FalseNegatives="0">
      <DocumentFields>
        <DocumentField Name="DocumentField">
          <OriginalText />
          <ExtractedText />
          <ExtractedConfidence>0.00%</ExtractedConfidence>
          <LocatorThreshold>80.00%</LocatorThreshold>
          <ResType>ResultTrueNegatives</ResType>
        </DocumentField>
        <DocumentField Name="Amount">
          <OriginalText>5761.00</OriginalText>
          <ExtractedText>5761.00</ExtractedText>
          <ExtractedConfidence>100.00%</ExtractedConfidence>
          <LocatorThreshold>80.00%</LocatorThreshold>
          <ResType>ResultTruePositives</ResType>
        </DocumentField>
        <DocumentField Name="Currency">
          <OriginalText>CHF</OriginalText>
          <ExtractedText>CHF</ExtractedText>
          <ExtractedConfidence>100.00%</ExtractedConfidence>
          <LocatorThreshold>80.00%</LocatorThreshold>
          <ResType>ResultTruePositives</ResType>
        </DocumentField>
        <DocumentField Name="IBAN">
          <OriginalText>CH84UBSW6202542967890864A</OriginalText>
          <ExtractedText>CH84UBSW6202542967890864A</ExtractedText>
          <ExtractedConfidence>100.00%</ExtractedConfidence>
          <LocatorThreshold>80.00%</LocatorThreshold>
          <ResType>ResultTruePositives</ResType>
        </DocumentField>
        <DocumentField Name="Reference">
          <OriginalText />
          <ExtractedText />
          <ExtractedConfidence>0.00%</ExtractedConfidence>
          <LocatorThreshold>80.00%</LocatorThreshold>
          <ResType>ResultTrueNegatives</ResType>
        </DocumentField>
        <DocumentField Name="ClientName">
          <OriginalText>Tanner, Forster and Baur</OriginalText>
          <ExtractedText>Tanner, Forster and Baur</ExtractedText>
          <ExtractedConfidence>74.91%</ExtractedConfidence>
          <LocatorThreshold>70.00%</LocatorThreshold>
          <ResType>ResultTruePositives</ResType>
        </DocumentField>
      </DocumentFields>
      <DocID>1</DocID>
    </BenchmarkDocument>
    <BenchmarkDocument Name="C:\UBS\tif_benchmark\p002.xdc" className="Payment" TruePositives="0.6666667" FalsePositives="0" TrueNegatives="0.333333343" FalseNegatives="0">
      <DocumentFields>
        <DocumentField Name="DocumentField">
          <OriginalText />
          <ExtractedText />
          <ExtractedConfidence>0.00%</ExtractedConfidence>
          <LocatorThreshold>80.00%</LocatorThreshold>
          <ResType>ResultTrueNegatives</ResType>
        </DocumentField>
        <DocumentField Name="Amount">
          <OriginalText>15160.00</OriginalText>
          <ExtractedText>15160.00</ExtractedText>
          <ExtractedConfidence>100.00%</ExtractedConfidence>
          <LocatorThreshold>80.00%</LocatorThreshold>
          <ResType>ResultTruePositives</ResType>
        </DocumentField>
        <DocumentField Name="Currency">
          <OriginalText>USD</OriginalText>
          <ExtractedText>USD</ExtractedText>
          <ExtractedConfidence>100.00%</ExtractedConfidence>
          <LocatorThreshold>80.00%</LocatorThreshold>
          <ResType>ResultTruePositives</ResType>
        </DocumentField>
        <DocumentField Name="IBAN">
          <OriginalText>CH46CRES7302688199277405Y</OriginalText>
          <ExtractedText>CH46CRES7302688199277405Y</ExtractedText>
          <ExtractedConfidence>100.00%</ExtractedConfidence>
          <LocatorThreshold>80.00%</LocatorThreshold>
          <ResType>ResultTruePositives</ResType>
        </DocumentField>
        <DocumentField Name="Reference">
          <OriginalText />
          <ExtractedText />
          <ExtractedConfidence>0.00%</ExtractedConfidence>
          <LocatorThreshold>80.00%</LocatorThreshold>
          <ResType>ResultTrueNegatives</ResType>
        </DocumentField>
        <DocumentField Name="ClientName">
          <OriginalText>Furrer, Maurer and Felder</OriginalText>
          <ExtractedText>Furrer, Maurer and Felder</ExtractedText>
          <ExtractedConfidence>77.60%</ExtractedConfidence>
          <LocatorThreshold>70.00%</LocatorThreshold>
          <ResType>ResultTruePositives</ResType>
        </DocumentField>
      </DocumentFields>
      <DocID>2</DocID>
    </BenchmarkDocument>
    <BenchmarkDocument Name="C:\UBS\tif_benchmark\p003.xdc" className="Payment" TruePositives="0.6666667" FalsePositives="0" TrueNegatives="0.166666672" FalseNegatives="0.166666672">
      <DocumentFields>
        <DocumentField Name="DocumentField">
          <OriginalText />
          <ExtractedText />
          <ExtractedConfidence>0.00%</ExtractedConfidence>
          <LocatorThreshold>80.00%</LocatorThreshold>
          <ResType>ResultTrueNegatives</ResType>
        </DocumentField>
        <DocumentField Name="Amount">
          <OriginalText>39019.00</OriginalText>
          <ExtractedText>39019.00</ExtractedText>
          <ExtractedConfidence>100.00%</ExtractedConfidence>
          <LocatorThreshold>80.00%</LocatorThreshold>
          <ResType>ResultTruePositives</ResType>
        </DocumentField>
        <DocumentField Name="Currency">
          <OriginalText>EUR</OriginalText>
          <ExtractedText>EUR</ExtractedText>
          <ExtractedConfidence>100.00%</ExtractedConfidence>
          <LocatorThreshold>80.00%</LocatorThreshold>
          <ResType>ResultTruePositives</ResType>
        </DocumentField>
        <DocumentField Name="IBAN">
          <OriginalText>CH95RAIF2902453012325064Z</OriginalText>
          <ExtractedText>CH95RAIF2902453012325064Z</ExtractedText>
          <ExtractedConfidence>100.00%</ExtractedConfidence>
          <LocatorThreshold>80.00%</LocatorThreshold>
          <ResType>ResultTruePositives</ResType>
        </DocumentField>
        <DocumentField Name="Reference">
          <OriginalText />
          <ExtractedText>Et sit quia</ExtractedText>
          <ExtractedConfidence>57.62%</ExtractedConfidence>
          <LocatorThreshold>80.00%</LocatorThreshold>
          <ResType>ResultFalseNegatives</ResType>
        </DocumentField>
        <DocumentField Name="ClientName">
          <OriginalText>Gfeller, Berger and Egli</OriginalText>
          <ExtractedText>Gfeller, Berger and Egli</ExtractedText>
          <ExtractedConfidence>73.63%</ExtractedConfidence>
          <LocatorThreshold>70.00%</LocatorThreshold>
          <ResType>ResultTruePositives</ResType>
        </DocumentField>
      </DocumentFields>
      <DocID>3</DocID>
    </BenchmarkDocument>
    <BenchmarkDocument Name="C:\UBS\tif_benchmark\p004.xdc" className="Payment" TruePositives="0.6666667" FalsePositives="0" TrueNegatives="0.166666672" FalseNegatives="0.166666672">
      <DocumentFields>
        <DocumentField Name="DocumentField">
          <OriginalText />
          <ExtractedText />
          <ExtractedConfidence>0.00%</ExtractedConfidence>
          <LocatorThreshold>80.00%</LocatorThreshold>
          <ResType>ResultTrueNegatives</ResType>
        </DocumentField>
        <DocumentField Name="Amount">
          <OriginalText>8748.00</OriginalText>
          <ExtractedText>8748.00</ExtractedText>
          <ExtractedConfidence>97.48%</ExtractedConfidence>
          <LocatorThreshold>80.00%</LocatorThreshold>
          <ResType>ResultTruePositives</ResType>
        </DocumentField>
        <DocumentField Name="Currency">
          <OriginalText>CHF</OriginalText>
          <ExtractedText>CHF</ExtractedText>
          <ExtractedConfidence>99.58%</ExtractedConfidence>
          <LocatorThreshold>80.00%</LocatorThreshold>
          <ResType>ResultTruePositives</ResType>
        </DocumentField>
        <DocumentField Name="IBAN">
          <OriginalText>CH09RAIF0002534188279816T</OriginalText>
          <ExtractedText>CH09RAIF0002534188279816T</ExtractedText>
          <ExtractedConfidence>100.00%</ExtractedConfidence>
          <LocatorThreshold>80.00%</LocatorThreshold>
          <ResType>ResultTruePositives</ResType>
        </DocumentField>
        <DocumentField Name="Reference">
          <OriginalText />
          <ExtractedText>Placeat quis d</ExtractedText>
          <ExtractedConfidence>73.75%</ExtractedConfidence>
          <LocatorThreshold>80.00%</LocatorThreshold>
          <ResType>ResultFalseNegatives</ResType>
        </DocumentField>
        <DocumentField Name="ClientName">
          <OriginalText>Margrit Müller</OriginalText>
          <ExtractedText>Margrit Müller</ExtractedText>
          <ExtractedConfidence>78.88%</ExtractedConfidence>
          <LocatorThreshold>70.00%</LocatorThreshold>
          <ResType>ResultTruePositives</ResType>
        </DocumentField>
      </DocumentFields>
      <DocID>4</DocID>
    </BenchmarkDocument>
    <BenchmarkDocument Name="C:\UBS\tif_benchmark\p005.xdc" className="Payment" TruePositives="0.6666667" FalsePositives="0" TrueNegatives="0.333333343" FalseNegatives="0">
      <DocumentFields>
        <DocumentField Name="DocumentField">
          <OriginalText />
          <ExtractedText />
          <ExtractedConfidence>0.00%</ExtractedConfidence>
          <LocatorThreshold>80.00%</LocatorThreshold>
          <ResType>ResultTrueNegatives</ResType>
        </DocumentField>
        <DocumentField Name="Amount">
          <OriginalText>43347.00</OriginalText>
          <ExtractedText>43347.00</ExtractedText>
          <ExtractedConfidence>100.00%</ExtractedConfidence>
          <LocatorThreshold>80.00%</LocatorThreshold>
          <ResType>ResultTruePositives</ResType>
        </DocumentField>
        <DocumentField Name="Currency">
          <OriginalText>GBP</OriginalText>
          <ExtractedText>GBP</ExtractedText>
          <ExtractedConfidence>100.00%</ExtractedConfidence>
          <LocatorThreshold>80.00%</LocatorThreshold>
          <ResType>ResultTruePositives</ResType>
        </DocumentField>
        <DocumentField Name="IBAN">
          <OriginalText>CH10CRES4902277328254330K</OriginalText>
          <ExtractedText>CH10CRES4902277328254330K</ExtractedText>
          <ExtractedConfidence>100.00%</ExtractedConfidence>
          <LocatorThreshold>80.00%</LocatorThreshold>
          <ResType>ResultTruePositives</ResType>
        </DocumentField>
        <DocumentField Name="Reference">
          <OriginalText />
          <ExtractedText />
          <ExtractedConfidence>0.00%</ExtractedConfidence>
          <LocatorThreshold>80.00%</LocatorThreshold>
          <ResType>ResultTrueNegatives</ResType>
        </DocumentField>
        <DocumentField Name="ClientName">
          <OriginalText>Bühlen und Partner</OriginalText>
          <ExtractedText>Bühlen und Partner</ExtractedText>
          <ExtractedConfidence>73.98%</ExtractedConfidence>
          <LocatorThreshold>70.00%</LocatorThreshold>
          <ResType>ResultTruePositives</ResType>
        </DocumentField>
      </DocumentFields>
      <DocID>5</DocID>
    </BenchmarkDocument>
    <BenchmarkDocument Name="C:\UBS\tif_benchmark\p006.xdc" className="Payment" TruePositives="0.6666667" FalsePositives="0" TrueNegatives="0.333333343" FalseNegatives="0">
      <DocumentFields>
        <DocumentField Name="DocumentField">
          <OriginalText />
          <ExtractedText />
          <ExtractedConfidence>0.00%</ExtractedConfidence>
          <LocatorThreshold>80.00%</LocatorThreshold>
          <ResType>ResultTrueNegatives</ResType>
        </DocumentField>
        <DocumentField Name="Amount">
          <OriginalText>45391.00</OriginalText>
          <ExtractedText>45391.00</ExtractedText>
          <ExtractedConfidence>100.00%</ExtractedConfidence>
          <LocatorThreshold>80.00%</LocatorThreshold>
          <ResType>ResultTruePositives</ResType>
        </DocumentField>
        <DocumentField Name="Currency">
          <OriginalText>USD</OriginalText>
          <ExtractedText>USD</ExtractedText>
          <ExtractedConfidence>100.00%</ExtractedConfidence>
          <LocatorThreshold>80.00%</LocatorThreshold>
          <ResType>ResultTruePositives</ResType>
        </DocumentField>
        <DocumentField Name="IBAN">
          <OriginalText>CH22UBSW0002135800431561S</OriginalText>
          <ExtractedText>CH22UBSW0002135800431561S</ExtractedText>
          <ExtractedConfidence>100.00%</ExtractedConfidence>
          <LocatorThreshold>80.00%</LocatorThreshold>
          <ResType>ResultTruePositives</ResType>
        </DocumentField>
        <DocumentField Name="Reference">
          <OriginalText />
          <ExtractedText />
          <ExtractedConfidence>0.00%</ExtractedConfidence>
          <LocatorThreshold>80.00%</LocatorThreshold>
          <ResType>ResultTrueNegatives</ResType>
        </DocumentField>
        <DocumentField Name="ClientName">
          <OriginalText>Wüthrich, Hartmann and Walter</OriginalText>
          <ExtractedText>Wüthrich, Hartmann and Walter</ExtractedText>
          <ExtractedConfidence>75.87%</ExtractedConfidence>
          <LocatorThreshold>70.00%</LocatorThreshold>
          <ResType>ResultTruePositives</ResType>
        </DocumentField>
      </DocumentFields>
      <DocID>6</DocID>
    </BenchmarkDocument>
    <BenchmarkDocument Name="C:\UBS\tif_benchmark\p007.xdc" className="Payment" TruePositives="0.6666667" FalsePositives="0" TrueNegatives="0.333333343" FalseNegatives="0">
      <DocumentFields>
        <DocumentField Name="DocumentField">
          <OriginalText />
          <ExtractedText />
          <ExtractedConfidence>0.00%</ExtractedConfidence>
          <LocatorThreshold>80.00%</LocatorThreshold>
          <ResType>ResultTrueNegatives</ResType>
        </DocumentField>
        <DocumentField Name="Amount">
          <OriginalText>39415.00</OriginalText>
          <ExtractedText>39415.00</ExtractedText>
          <ExtractedConfidence>100.00%</ExtractedConfidence>
          <LocatorThreshold>80.00%</LocatorThreshold>
          <ResType>ResultTruePositives</ResType>
        </DocumentField>
        <DocumentField Name="Currency">
          <OriginalText>USD</OriginalText>
          <ExtractedText>USD</ExtractedText>
          <ExtractedConfidence>100.00%</ExtractedConfidence>
          <LocatorThreshold>80.00%</LocatorThreshold>
          <ResType>ResultTruePositives</ResType>
        </DocumentField>
        <DocumentField Name="IBAN">
          <OriginalText>CH90RAIF0602037328658376S</OriginalText>
          <ExtractedText>CH90RAIF0602037328658376S</ExtractedText>
          <ExtractedConfidence>100.00%</ExtractedConfidence>
          <LocatorThreshold>80.00%</LocatorThreshold>
          <ResType>ResultTruePositives</ResType>
        </DocumentField>
        <DocumentField Name="Reference">
          <OriginalText />
          <ExtractedText />
          <ExtractedConfidence>0.00%</ExtractedConfidence>
          <LocatorThreshold>80.00%</LocatorThreshold>
          <ResType>ResultTrueNegatives</ResType>
        </DocumentField>
        <DocumentField Name="ClientName">
          <OriginalText>Hofstetter - Weber</OriginalText>
          <ExtractedText>Hofstetter - Weber</ExtractedText>
          <ExtractedConfidence>74.47%</ExtractedConfidence>
          <LocatorThreshold>70.00%</LocatorThreshold>
          <ResType>ResultTruePositives</ResType>
        </DocumentField>
      </DocumentFields>
      <DocID>7</DocID>
    </BenchmarkDocument>
    <BenchmarkDocument Name="C:\UBS\tif_benchmark\p008.xdc" className="Payment" TruePositives="0.6666667" FalsePositives="0" TrueNegatives="0.333333343" FalseNegatives="0">
      <DocumentFields>
        <DocumentField Name="DocumentField">
          <OriginalText />
          <ExtractedText />
          <ExtractedConfidence>0.00%</ExtractedConfidence>
          <LocatorThreshold>80.00%</LocatorThreshold>
          <ResType>ResultTrueNegatives</ResType>
        </DocumentField>
        <DocumentField Name="Amount">
          <OriginalText>6883.00</OriginalText>
          <ExtractedText>6883.00</ExtractedText>
          <ExtractedConfidence>100.00%</ExtractedConfidence>
          <LocatorThreshold>80.00%</LocatorThreshold>
          <ResType>ResultTruePositives</ResType>
        </DocumentField>
        <DocumentField Name="Currency">
          <OriginalText>USD</OriginalText>
          <ExtractedText>USD</ExtractedText>
          <ExtractedConfidence>100.00%</ExtractedConfidence>
          <LocatorThreshold>80.00%</LocatorThreshold>
          <ResType>ResultTruePositives</ResType>
        </DocumentField>
        <DocumentField Name="IBAN">
          <OriginalText>CH91BEFR0702369438750261L</OriginalText>
          <ExtractedText>CH91BEFR0702369438750261L</ExtractedText>
          <ExtractedConfidence>100.00%</ExtractedConfidence>
          <LocatorThreshold>80.00%</LocatorThreshold>
          <ResType>ResultTruePositives</ResType>
        </DocumentField>
        <DocumentField Name="Reference">
          <OriginalText />
          <ExtractedText />
          <ExtractedConfidence>0.00%</ExtractedConfidence>
          <LocatorThreshold>80.00%</LocatorThreshold>
          <ResType>ResultTrueNegatives</ResType>
        </DocumentField>
        <DocumentField Name="ClientName">
          <OriginalText>Fehr - Uäggi</OriginalText>
          <ExtractedText>Fehr - Uäggi</ExtractedText>
          <ExtractedConfidence>72.59%</ExtractedConfidence>
          <LocatorThreshold>70.00%</LocatorThreshold>
          <ResType>ResultTruePositives</ResType>
        </DocumentField>
      </DocumentFields>
      <DocID>8</DocID>
    </BenchmarkDocument>
    <BenchmarkDocument Name="C:\UBS\tif_benchmark\p009.xdc" className="Payment" TruePositives="0.6666667" FalsePositives="0" TrueNegatives="0.166666672" FalseNegatives="0.166666672">
      <DocumentFields>
        <DocumentField Name="DocumentField">
          <OriginalText />
          <ExtractedText />
          <ExtractedConfidence>0.00%</ExtractedConfidence>
          <LocatorThreshold>80.00%</LocatorThreshold>
          <ResType>ResultTrueNegatives</ResType>
        </DocumentField>
        <DocumentField Name="Amount">
          <OriginalText>16226.00</OriginalText>
          <ExtractedText>16226.00</ExtractedText>
          <ExtractedConfidence>99.46%</ExtractedConfidence>
          <LocatorThreshold>80.00%</LocatorThreshold>
          <ResType>ResultTruePositives</ResType>
        </DocumentField>
        <DocumentField Name="Currency">
          <OriginalText>GBP</OriginalText>
          <ExtractedText>GBP</ExtractedText>
          <ExtractedConfidence>100.00%</ExtractedConfidence>
          <LocatorThreshold>80.00%</LocatorThreshold>
          <ResType>ResultTruePositives</ResType>
        </DocumentField>
        <DocumentField Name="IBAN">
          <OriginalText>CH86UBSW0002815802617366P</OriginalText>
          <ExtractedText>CH86UBSW0002815802617366P</ExtractedText>
          <ExtractedConfidence>100.00%</ExtractedConfidence>
          <LocatorThreshold>80.00%</LocatorThreshold>
          <ResType>ResultTruePositives</ResType>
        </DocumentField>
        <DocumentField Name="Reference">
          <OriginalText>Hie laborum odio</OriginalText>
          <ExtractedText />
          <ExtractedConfidence>0.00%</ExtractedConfidence>
          <LocatorThreshold>80.00%</LocatorThreshold>
          <ResType>ResultFalseNegatives</ResType>
        </DocumentField>
        <DocumentField Name="ClientName">
          <OriginalText>Koch - Eichenberger</OriginalText>
          <ExtractedText>Koch - Eichenberger</ExtractedText>
          <ExtractedConfidence>76.23%</ExtractedConfidence>
          <LocatorThreshold>70.00%</LocatorThreshold>
          <ResType>ResultTruePositives</ResType>
        </DocumentField>
      </DocumentFields>
      <DocID>9</DocID>
    </BenchmarkDocument>
    <BenchmarkDocument Name="C:\UBS\tif_benchmark\p010.xdc" className="Payment" TruePositives="0.6666667" FalsePositives="0" TrueNegatives="0.333333343" FalseNegatives="0">
      <DocumentFields>
        <DocumentField Name="DocumentField">
          <OriginalText />
          <ExtractedText />
          <ExtractedConfidence>0.00%</ExtractedConfidence>
          <LocatorThreshold>80.00%</LocatorThreshold>
          <ResType>ResultTrueNegatives</ResType>
        </DocumentField>
        <DocumentField Name="Amount">
          <OriginalText>8536.00</OriginalText>
          <ExtractedText>8536.00</ExtractedText>
          <ExtractedConfidence>100.00%</ExtractedConfidence>
          <LocatorThreshold>80.00%</LocatorThreshold>
          <ResType>ResultTruePositives</ResType>
        </DocumentField>
        <DocumentField Name="Currency">
          <OriginalText>CHF</OriginalText>
          <ExtractedText>CHF</ExtractedText>
          <ExtractedConfidence>100.00%</ExtractedConfidence>
          <LocatorThreshold>80.00%</LocatorThreshold>
          <ResType>ResultTruePositives</ResType>
        </DocumentField>
        <DocumentField Name="IBAN">
          <OriginalText>CH52UBSW2002858559538824C</OriginalText>
          <ExtractedText>CH52UBSW2002858559538824C</ExtractedText>
          <ExtractedConfidence>100.00%</ExtractedConfidence>
          <LocatorThreshold>80.00%</LocatorThreshold>
          <ResType>ResultTruePositives</ResType>
        </DocumentField>
        <DocumentField Name="Reference">
          <OriginalText />
          <ExtractedText />
          <ExtractedConfidence>0.00%</ExtractedConfidence>
          <LocatorThreshold>80.00%</LocatorThreshold>
          <ResType>ResultTrueNegatives</ResType>
        </DocumentField>
        <DocumentField Name="ClientName">
          <OriginalText>Schwab, Schlatter and Ziegler</OriginalText>
          <ExtractedText>Schwab, Schlatter and Ziegler</ExtractedText>
          <ExtractedConfidence>75.97%</ExtractedConfidence>
          <LocatorThreshold>70.00%</LocatorThreshold>
          <ResType>ResultTruePositives</ResType>
        </DocumentField>
      </DocumentFields>
      <DocID>10</DocID>
    </BenchmarkDocument>
    <BenchmarkDocument Name="C:\UBS\tif_benchmark\p011.xdc" className="Payment" TruePositives="0.5" FalsePositives="0" TrueNegatives="0.333333343" FalseNegatives="0.166666672">
      <DocumentFields>
        <DocumentField Name="DocumentField">
          <OriginalText />
          <ExtractedText />
          <ExtractedConfidence>0.00%</ExtractedConfidence>
          <LocatorThreshold>80.00%</LocatorThreshold>
          <ResType>ResultTrueNegatives</ResType>
        </DocumentField>
        <DocumentField Name="Amount">
          <OriginalText>47141.00</OriginalText>
          <ExtractedText>47141.00</ExtractedText>
          <ExtractedConfidence>100.00%</ExtractedConfidence>
          <LocatorThreshold>80.00%</LocatorThreshold>
          <ResType>ResultTruePositives</ResType>
        </DocumentField>
        <DocumentField Name="Currency">
          <OriginalText>GBP</OriginalText>
          <ExtractedText>GBP</ExtractedText>
          <ExtractedConfidence>100.00%</ExtractedConfidence>
          <LocatorThreshold>80.00%</LocatorThreshold>
          <ResType>ResultTruePositives</ResType>
        </DocumentField>
        <DocumentField Name="IBAN">
          <OriginalText>CH09 UBSW 3502 7014 1458 ,7149 E</OriginalText>
          <ExtractedText>CH09 UBSW 3502 7014 1458 ,7149 E</ExtractedText>
          <ExtractedConfidence>74.67%</ExtractedConfidence>
          <LocatorThreshold>80.00%</LocatorThreshold>
          <ResType>ResultTrueNegatives</ResType>
        </DocumentField>
        <DocumentField Name="Reference">
          <OriginalText />
          <ExtractedText>Saepe ab consequatur a</ExtractedText>
          <ExtractedConfidence>71.56%</ExtractedConfidence>
          <LocatorThreshold>80.00%</LocatorThreshold>
          <ResType>ResultFalseNegatives</ResType>
        </DocumentField>
        <DocumentField Name="ClientName">
          <OriginalText>Anne - Marie Staub</OriginalText>
          <ExtractedText>Anne - Marie Staub</ExtractedText>
          <ExtractedConfidence>75.91%</ExtractedConfidence>
          <LocatorThreshold>70.00%</LocatorThreshold>
          <ResType>ResultTruePositives</ResType>
        </DocumentField>
      </DocumentFields>
      <DocID>11</DocID>
    </BenchmarkDocument>
    <BenchmarkDocument Name="C:\UBS\tif_benchmark\p012.xdc" className="Payment" TruePositives="0.6666667" FalsePositives="0" TrueNegatives="0.166666672" FalseNegatives="0.166666672">
      <DocumentFields>
        <DocumentField Name="DocumentField">
          <OriginalText />
          <ExtractedText />
          <ExtractedConfidence>0.00%</ExtractedConfidence>
          <LocatorThreshold>80.00%</LocatorThreshold>
          <ResType>ResultTrueNegatives</ResType>
        </DocumentField>
        <DocumentField Name="Amount">
          <OriginalText>45061.00</OriginalText>
          <ExtractedText>45061.00</ExtractedText>
          <ExtractedConfidence>100.00%</ExtractedConfidence>
          <LocatorThreshold>80.00%</LocatorThreshold>
          <ResType>ResultTruePositives</ResType>
        </DocumentField>
        <DocumentField Name="Currency">
          <OriginalText>GBP</OriginalText>
          <ExtractedText>GBP</ExtractedText>
          <ExtractedConfidence>100.00%</ExtractedConfidence>
          <LocatorThreshold>80.00%</LocatorThreshold>
          <ResType>ResultTruePositives</ResType>
        </DocumentField>
        <DocumentField Name="IBAN">
          <OriginalText>CH18UBSW8902681050166974O</OriginalText>
          <ExtractedText>CH18UBSW8902681050166974O</ExtractedText>
          <ExtractedConfidence>100.00%</ExtractedConfidence>
          <LocatorThreshold>80.00%</LocatorThreshold>
          <ResType>ResultTruePositives</ResType>
        </DocumentField>
        <DocumentField Name="Reference">
          <OriginalText />
          <ExtractedText>Ut</ExtractedText>
          <ExtractedConfidence>70.37%</ExtractedConfidence>
          <LocatorThreshold>80.00%</LocatorThreshold>
          <ResType>ResultFalseNegatives</ResType>
        </DocumentField>
        <DocumentField Name="ClientName">
          <OriginalText>Christen - Bachmann</OriginalText>
          <ExtractedText>Christen - Bachmann</ExtractedText>
          <ExtractedConfidence>72.45%</ExtractedConfidence>
          <LocatorThreshold>70.00%</LocatorThreshold>
          <ResType>ResultTruePositives</ResType>
        </DocumentField>
      </DocumentFields>
      <DocID>12</DocID>
    </BenchmarkDocument>
    <BenchmarkDocument Name="C:\UBS\tif_benchmark\p013.xdc" className="Payment" TruePositives="0.6666667" FalsePositives="0" TrueNegatives="0.166666672" FalseNegatives="0.166666672">
      <DocumentFields>
        <DocumentField Name="DocumentField">
          <OriginalText />
          <ExtractedText />
          <ExtractedConfidence>0.00%</ExtractedConfidence>
          <LocatorThreshold>80.00%</LocatorThreshold>
          <ResType>ResultTrueNegatives</ResType>
        </DocumentField>
        <DocumentField Name="Amount">
          <OriginalText>27170.00</OriginalText>
          <ExtractedText>27170.00</ExtractedText>
          <ExtractedConfidence>100.00%</ExtractedConfidence>
          <LocatorThreshold>80.00%</LocatorThreshold>
          <ResType>ResultTruePositives</ResType>
        </DocumentField>
        <DocumentField Name="Currency">
          <OriginalText>GBP</OriginalText>
          <ExtractedText>GBP</ExtractedText>
          <ExtractedConfidence>100.00%</ExtractedConfidence>
          <LocatorThreshold>80.00%</LocatorThreshold>
          <ResType>ResultTruePositives</ResType>
        </DocumentField>
        <DocumentField Name="IBAN">
          <OriginalText>CH10UBSW1002192085964477Q</OriginalText>
          <ExtractedText>CH10UBSW1002192085964477Q</ExtractedText>
          <ExtractedConfidence>100.00%</ExtractedConfidence>
          <LocatorThreshold>80.00%</LocatorThreshold>
          <ResType>ResultTruePositives</ResType>
        </DocumentField>
        <DocumentField Name="Reference">
          <OriginalText />
          <ExtractedText>Dignissimos aperiam id ex no</ExtractedText>
          <ExtractedConfidence>67.18%</ExtractedConfidence>
          <LocatorThreshold>80.00%</LocatorThreshold>
          <ResType>ResultFalseNegatives</ResType>
        </DocumentField>
        <DocumentField Name="ClientName">
          <OriginalText>Maurer - Hauser</OriginalText>
          <ExtractedText>Maurer - Hauser</ExtractedText>
          <ExtractedConfidence>75.94%</ExtractedConfidence>
          <LocatorThreshold>70.00%</LocatorThreshold>
          <ResType>ResultTruePositives</ResType>
        </DocumentField>
      </DocumentFields>
      <DocID>13</DocID>
    </BenchmarkDocument>
    <BenchmarkDocument Name="C:\UBS\tif_benchmark\p014.xdc" className="Payment" TruePositives="0.5" FalsePositives="0" TrueNegatives="0.333333343" FalseNegatives="0.166666672">
      <DocumentFields>
        <DocumentField Name="DocumentField">
          <OriginalText />
          <ExtractedText />
          <ExtractedConfidence>0.00%</ExtractedConfidence>
          <LocatorThreshold>80.00%</LocatorThreshold>
          <ResType>ResultTrueNegatives</ResType>
        </DocumentField>
        <DocumentField Name="Amount">
          <OriginalText>14138.00</OriginalText>
          <ExtractedText>14138.00</ExtractedText>
          <ExtractedConfidence>100.00%</ExtractedConfidence>
          <LocatorThreshold>80.00%</LocatorThreshold>
          <ResType>ResultTruePositives</ResType>
        </DocumentField>
        <DocumentField Name="Currency">
          <OriginalText>GBP</OriginalText>
          <ExtractedText>GBP</ExtractedText>
          <ExtractedConfidence>100.00%</ExtractedConfidence>
          <LocatorThreshold>80.00%</LocatorThreshold>
          <ResType>ResultTruePositives</ResType>
        </DocumentField>
        <DocumentField Name="IBAN">
          <OriginalText>CH19GOLD0002246530782048M</OriginalText>
          <ExtractedText>CH19GOLD0002246530782048M</ExtractedText>
          <ExtractedConfidence>100.00%</ExtractedConfidence>
          <LocatorThreshold>80.00%</LocatorThreshold>
          <ResType>ResultTruePositives</ResType>
        </DocumentField>
        <DocumentField Name="Reference">
          <OriginalText>H</OriginalText>
          <ExtractedText />
          <ExtractedConfidence>0.00%</ExtractedConfidence>
          <LocatorThreshold>80.00%</LocatorThreshold>
          <ResType>ResultFalseNegatives</ResType>
        </DocumentField>
        <DocumentField Name="ClientName">
          <OriginalText>Schwarz, Frei and Schiirch</OriginalText>
          <ExtractedText>Schwarz, Frei and Schiirch</ExtractedText>
          <ExtractedConfidence>65.44%</ExtractedConfidence>
          <LocatorThreshold>70.00%</LocatorThreshold>
          <ResType>ResultTrueNegatives</ResType>
        </DocumentField>
      </DocumentFields>
      <DocID>14</DocID>
    </BenchmarkDocument>
    <BenchmarkDocument Name="C:\UBS\tif_benchmark\p015.xdc" className="Payment" TruePositives="0.6666667" FalsePositives="0" TrueNegatives="0.166666672" FalseNegatives="0.166666672">
      <DocumentFields>
        <DocumentField Name="DocumentField">
          <OriginalText />
          <ExtractedText />
          <ExtractedConfidence>0.00%</ExtractedConfidence>
          <LocatorThreshold>80.00%</LocatorThreshold>
          <ResType>ResultTrueNegatives</ResType>
        </DocumentField>
        <DocumentField Name="Amount">
          <OriginalText>45008.00</OriginalText>
          <ExtractedText>45008.00</ExtractedText>
          <ExtractedConfidence>100.00%</ExtractedConfidence>
          <LocatorThreshold>80.00%</LocatorThreshold>
          <ResType>ResultTruePositives</ResType>
        </DocumentField>
        <DocumentField Name="Currency">
          <OriginalText>GBP</OriginalText>
          <ExtractedText>GBP</ExtractedText>
          <ExtractedConfidence>100.00%</ExtractedConfidence>
          <LocatorThreshold>80.00%</LocatorThreshold>
          <ResType>ResultTruePositives</ResType>
        </DocumentField>
        <DocumentField Name="IBAN">
          <OriginalText>CH97UBSW4002903161344021L</OriginalText>
          <ExtractedText>CH97UBSW4002903161344021L</ExtractedText>
          <ExtractedConfidence>100.00%</ExtractedConfidence>
          <LocatorThreshold>80.00%</LocatorThreshold>
          <ResType>ResultTruePositives</ResType>
        </DocumentField>
        <DocumentField Name="Reference">
          <OriginalText />
          <ExtractedText>Sunt deleniti quo voluptas</ExtractedText>
          <ExtractedConfidence>74.82%</ExtractedConfidence>
          <LocatorThreshold>80.00%</LocatorThreshold>
          <ResType>ResultFalseNegatives</ResType>
        </DocumentField>
        <DocumentField Name="ClientName">
          <OriginalText>Gut - Blum</OriginalText>
          <ExtractedText>Gut - Blum</ExtractedText>
          <ExtractedConfidence>72.56%</ExtractedConfidence>
          <LocatorThreshold>70.00%</LocatorThreshold>
          <ResType>ResultTruePositives</ResType>
        </DocumentField>
      </DocumentFields>
      <DocID>15</DocID>
    </BenchmarkDocument>
    <BenchmarkDocument Name="C:\UBS\tif_benchmark\p016.xdc" className="Payment" TruePositives="0.6666667" FalsePositives="0" TrueNegatives="0.166666672" FalseNegatives="0.166666672">
      <DocumentFields>
        <DocumentField Name="DocumentField">
          <OriginalText />
          <ExtractedText />
          <ExtractedConfidence>0.00%</ExtractedConfidence>
          <LocatorThreshold>80.00%</LocatorThreshold>
          <ResType>ResultTrueNegatives</ResType>
        </DocumentField>
        <DocumentField Name="Amount">
          <OriginalText>17956.00</OriginalText>
          <ExtractedText>17956.00</ExtractedText>
          <ExtractedConfidence>99.57%</ExtractedConfidence>
          <LocatorThreshold>80.00%</LocatorThreshold>
          <ResType>ResultTruePositives</ResType>
        </DocumentField>
        <DocumentField Name="Currency">
          <OriginalText>CHF</OriginalText>
          <ExtractedText>CHF</ExtractedText>
          <ExtractedConfidence>100.00%</ExtractedConfidence>
          <LocatorThreshold>80.00%</LocatorThreshold>
          <ResType>ResultTruePositives</ResType>
        </DocumentField>
        <DocumentField Name="IBAN">
          <OriginalText>CH90UBSW9002706241265098G</OriginalText>
          <ExtractedText>CH90UBSW9002706241265098G</ExtractedText>
          <ExtractedConfidence>100.00%</ExtractedConfidence>
          <LocatorThreshold>80.00%</LocatorThreshold>
          <ResType>ResultTruePositives</ResType>
        </DocumentField>
        <DocumentField Name="Reference">
          <OriginalText>Recusa</OriginalText>
          <ExtractedText />
          <ExtractedConfidence>0.00%</ExtractedConfidence>
          <LocatorThreshold>80.00%</LocatorThreshold>
          <ResType>ResultFalseNegatives</ResType>
        </DocumentField>
        <DocumentField Name="ClientName">
          <OriginalText>Probst - Graf</OriginalText>
          <ExtractedText>Probst - Graf</ExtractedText>
          <ExtractedConfidence>72.55%</ExtractedConfidence>
          <LocatorThreshold>70.00%</LocatorThreshold>
          <ResType>ResultTruePositives</ResType>
        </DocumentField>
      </DocumentFields>
      <DocID>16</DocID>
    </BenchmarkDocument>
    <BenchmarkDocument Name="C:\UBS\tif_benchmark\p017.xdc" className="Payment" TruePositives="0.6666667" FalsePositives="0" TrueNegatives="0.333333343" FalseNegatives="0">
      <DocumentFields>
        <DocumentField Name="DocumentField">
          <OriginalText />
          <ExtractedText />
          <ExtractedConfidence>0.00%</ExtractedConfidence>
          <LocatorThreshold>80.00%</LocatorThreshold>
          <ResType>ResultTrueNegatives</ResType>
        </DocumentField>
        <DocumentField Name="Amount">
          <OriginalText>36090.00</OriginalText>
          <ExtractedText>36090.00</ExtractedText>
          <ExtractedConfidence>100.00%</ExtractedConfidence>
          <LocatorThreshold>80.00%</LocatorThreshold>
          <ResType>ResultTruePositives</ResType>
        </DocumentField>
        <DocumentField Name="Currency">
          <OriginalText>EUR</OriginalText>
          <ExtractedText>EUR</ExtractedText>
          <ExtractedConfidence>100.00%</ExtractedConfidence>
          <LocatorThreshold>80.00%</LocatorThreshold>
          <ResType>ResultTruePositives</ResType>
        </DocumentField>
        <DocumentField Name="IBAN">
          <OriginalText>CH11UBSW4702483881090148B</OriginalText>
          <ExtractedText>CH11UBSW4702483881090148B</ExtractedText>
          <ExtractedConfidence>100.00%</ExtractedConfidence>
          <LocatorThreshold>80.00%</LocatorThreshold>
          <ResType>ResultTruePositives</ResType>
        </DocumentField>
        <DocumentField Name="Reference">
          <OriginalText />
          <ExtractedText />
          <ExtractedConfidence>0.00%</ExtractedConfidence>
          <LocatorThreshold>80.00%</LocatorThreshold>
          <ResType>ResultTrueNegatives</ResType>
        </DocumentField>
        <DocumentField Name="ClientName">
          <OriginalText>Monika Schenk</OriginalText>
          <ExtractedText>Monika Schenk</ExtractedText>
          <ExtractedConfidence>73.29%</ExtractedConfidence>
          <LocatorThreshold>70.00%</LocatorThreshold>
          <ResType>ResultTruePositives</ResType>
        </DocumentField>
      </DocumentFields>
      <DocID>17</DocID>
    </BenchmarkDocument>
    <BenchmarkDocument Name="C:\UBS\tif_benchmark\p018.xdc" className="Payment" TruePositives="0.6666667" FalsePositives="0" TrueNegatives="0.333333343" FalseNegatives="0">
      <DocumentFields>
        <DocumentField Name="DocumentField">
          <OriginalText />
          <ExtractedText />
          <ExtractedConfidence>0.00%</ExtractedConfidence>
          <LocatorThreshold>80.00%</LocatorThreshold>
          <ResType>ResultTrueNegatives</ResType>
        </DocumentField>
        <DocumentField Name="Amount">
          <OriginalText>37379.00</OriginalText>
          <ExtractedText>37379.00</ExtractedText>
          <ExtractedConfidence>100.00%</ExtractedConfidence>
          <LocatorThreshold>80.00%</LocatorThreshold>
          <ResType>ResultTruePositives</ResType>
        </DocumentField>
        <DocumentField Name="Currency">
          <OriginalText>CHF</OriginalText>
          <ExtractedText>CHF</ExtractedText>
          <ExtractedConfidence>100.00%</ExtractedConfidence>
          <LocatorThreshold>80.00%</LocatorThreshold>
          <ResType>ResultTruePositives</ResType>
        </DocumentField>
        <DocumentField Name="IBAN">
          <OriginalText>CH94UBSB1102778274821817A</OriginalText>
          <ExtractedText>CH94UBSB1102778274821817A</ExtractedText>
          <ExtractedConfidence>100.00%</ExtractedConfidence>
          <LocatorThreshold>80.00%</LocatorThreshold>
          <ResType>ResultTruePositives</ResType>
        </DocumentField>
        <DocumentField Name="Reference">
          <OriginalText />
          <ExtractedText />
          <ExtractedConfidence>0.00%</ExtractedConfidence>
          <LocatorThreshold>80.00%</LocatorThreshold>
          <ResType>ResultTrueNegatives</ResType>
        </DocumentField>
        <DocumentField Name="ClientName">
          <OriginalText>Schnyder LLC</OriginalText>
          <ExtractedText>Schnyder LLC</ExtractedText>
          <ExtractedConfidence>78.47%</ExtractedConfidence>
          <LocatorThreshold>70.00%</LocatorThreshold>
          <ResType>ResultTruePositives</ResType>
        </DocumentField>
      </DocumentFields>
      <DocID>18</DocID>
    </BenchmarkDocument>
    <BenchmarkDocument Name="C:\UBS\tif_benchmark\p019.xdc" className="Payment" TruePositives="0.6666667" FalsePositives="0" TrueNegatives="0.333333343" FalseNegatives="0">
      <DocumentFields>
        <DocumentField Name="DocumentField">
          <OriginalText />
          <ExtractedText />
          <ExtractedConfidence>0.00%</ExtractedConfidence>
          <LocatorThreshold>80.00%</LocatorThreshold>
          <ResType>ResultTrueNegatives</ResType>
        </DocumentField>
        <DocumentField Name="Amount">
          <OriginalText>13185.00</OriginalText>
          <ExtractedText>13185.00</ExtractedText>
          <ExtractedConfidence>100.00%</ExtractedConfidence>
          <LocatorThreshold>80.00%</LocatorThreshold>
          <ResType>ResultTruePositives</ResType>
        </DocumentField>
        <DocumentField Name="Currency">
          <OriginalText>EUR</OriginalText>
          <ExtractedText>EUR</ExtractedText>
          <ExtractedConfidence>100.00%</ExtractedConfidence>
          <LocatorThreshold>80.00%</LocatorThreshold>
          <ResType>ResultTruePositives</ResType>
        </DocumentField>
        <DocumentField Name="IBAN">
          <OriginalText>CH45RAIF2102718197958795F</OriginalText>
          <ExtractedText>CH45RAIF2102718197958795F</ExtractedText>
          <ExtractedConfidence>100.00%</ExtractedConfidence>
          <LocatorThreshold>80.00%</LocatorThreshold>
          <ResType>ResultTruePositives</ResType>
        </DocumentField>
        <DocumentField Name="Reference">
          <OriginalText />
          <ExtractedText />
          <ExtractedConfidence>0.00%</ExtractedConfidence>
          <LocatorThreshold>80.00%</LocatorThreshold>
          <ResType>ResultTrueNegatives</ResType>
        </DocumentField>
        <DocumentField Name="ClientName">
          <OriginalText>Ackermann und Partner</OriginalText>
          <ExtractedText>Ackermann und Partner</ExtractedText>
          <ExtractedConfidence>74.89%</ExtractedConfidence>
          <LocatorThreshold>70.00%</LocatorThreshold>
          <ResType>ResultTruePositives</ResType>
        </DocumentField>
      </DocumentFields>
      <DocID>19</DocID>
    </BenchmarkDocument>
    <BenchmarkDocument Name="C:\UBS\tif_benchmark\p020.xdc" className="Payment" TruePositives="0.5" FalsePositives="0" TrueNegatives="0.5" FalseNegatives="0">
      <DocumentFields>
        <DocumentField Name="DocumentField">
          <OriginalText />
          <ExtractedText />
          <ExtractedConfidence>0.00%</ExtractedConfidence>
          <LocatorThreshold>80.00%</LocatorThreshold>
          <ResType>ResultTrueNegatives</ResType>
        </DocumentField>
        <DocumentField Name="Amount">
          <OriginalText>42621.00</OriginalText>
          <ExtractedText>42621.00</ExtractedText>
          <ExtractedConfidence>99.57%</ExtractedConfidence>
          <LocatorThreshold>80.00%</LocatorThreshold>
          <ResType>ResultTruePositives</ResType>
        </DocumentField>
        <DocumentField Name="Currency">
          <OriginalText>GBP</OriginalText>
          <ExtractedText>GBP</ExtractedText>
          <ExtractedConfidence>100.00%</ExtractedConfidence>
          <LocatorThreshold>80.00%</LocatorThreshold>
          <ResType>ResultTruePositives</ResType>
        </DocumentField>
        <DocumentField Name="IBAN">
          <OriginalText>CH13BSCH39024597103562250</OriginalText>
          <ExtractedText>CH13BSCH39024597103562250</ExtractedText>
          <ExtractedConfidence>100.00%</ExtractedConfidence>
          <LocatorThreshold>80.00%</LocatorThreshold>
          <ResType>ResultTruePositives</ResType>
        </DocumentField>
        <DocumentField Name="Reference">
          <OriginalText>Ut adipi</OriginalText>
          <ExtractedText>Ut adipi</ExtractedText>
          <ExtractedConfidence>68.01%</ExtractedConfidence>
          <LocatorThreshold>80.00%</LocatorThreshold>
          <ResType>ResultTrueNegatives</ResType>
        </DocumentField>
        <DocumentField Name="ClientName">
          <OriginalText>Friedli LLC</OriginalText>
          <ExtractedText>Friedli LLC</ExtractedText>
          <ExtractedConfidence>61.94%</ExtractedConfidence>
          <LocatorThreshold>70.00%</LocatorThreshold>
          <ResType>ResultTrueNegatives</ResType>
        </DocumentField>
      </DocumentFields>
      <DocID>20</DocID>
    </BenchmarkDocument>
  </BenchmarkDocuments>
  <CancelPerformBenchmark>false</CancelPerformBenchmark>
  <CurrentSortFieldsMode>TEXT</CurrentSortFieldsMode>
</Benchmark>