﻿<?xml version="1.0" encoding="utf-8"?>
<Benchmark xmlns:xsi="http://www.w3.org/2001/XMLSchema-instance" xmlns:xsd="http://www.w3.org/2001/XMLSchema" Name="TCL only.xml" CreatedDate="2018-09-05 12:06:53" Comment="" IsMaster="false">
  <BenchmarkSummaries>
    <BenchmarkSummary Name="ResultTruePositives" AllPercentage="0.555" AllCount="111">
      <SummaryFields>
        <SummaryField Name="Amount">
          <Percentage>0.525</Percentage>
          <Count>21</Count>
        </SummaryField>
        <SummaryField Name="Currency">
          <Percentage>0.5</Percentage>
          <Count>20</Count>
        </SummaryField>
        <SummaryField Name="IBAN">
          <Percentage>0.225</Percentage>
          <Count>9</Count>
        </SummaryField>
        <SummaryField Name="PaymentReason">
          <Percentage>0.725</Percentage>
          <Count>29</Count>
        </SummaryField>
        <SummaryField Name="ClientName">
          <Percentage>0.8</Percentage>
          <Count>32</Count>
        </SummaryField>
      </SummaryFields>
    </BenchmarkSummary>
    <BenchmarkSummary Name="ResultTrueNegatives" AllPercentage="0.205" AllCount="41">
      <SummaryFields>
        <SummaryField Name="Amount">
          <Percentage>0.2</Percentage>
          <Count>8</Count>
        </SummaryField>
        <SummaryField Name="Currency">
          <Percentage>0.35</Percentage>
          <Count>14</Count>
        </SummaryField>
        <SummaryField Name="IBAN">
          <Percentage>0.275</Percentage>
          <Count>11</Count>
        </SummaryField>
        <SummaryField Name="PaymentReason">
          <Percentage>0.125</Percentage>
          <Count>5</Count>
        </SummaryField>
        <SummaryField Name="ClientName">
          <Percentage>0.075</Percentage>
          <Count>3</Count>
        </SummaryField>
      </SummaryFields>
    </BenchmarkSummary>
    <BenchmarkSummary Name="ResultFalseNegatives" AllPercentage="0.17" AllCount="34">
      <SummaryFields>
        <SummaryField Name="Amount">
          <Percentage>0.2</Percentage>
          <Count>8</Count>
        </SummaryField>
        <SummaryField Name="Currency">
          <Percentage>0.15</Percentage>
          <Count>6</Count>
        </SummaryField>
        <SummaryField Name="IBAN">
          <Percentage>0.35</Percentage>
          <Count>14</Count>
        </SummaryField>
        <SummaryField Name="PaymentReason">
          <Percentage>0.05</Percentage>
          <Count>2</Count>
        </SummaryField>
        <SummaryField Name="ClientName">
          <Percentage>0.1</Percentage>
          <Count>4</Count>
        </SummaryField>
      </SummaryFields>
    </BenchmarkSummary>
    <BenchmarkSummary Name="ResultFalsePositives" AllPercentage="0.07" AllCount="14">
      <SummaryFields>
        <SummaryField Name="Amount">
          <Percentage>0.075</Percentage>
          <Count>3</Count>
        </SummaryField>
        <SummaryField Name="Currency">
          <Percentage>0</Percentage>
          <Count>0</Count>
        </SummaryField>
        <SummaryField Name="IBAN">
          <Percentage>0.15</Percentage>
          <Count>6</Count>
        </SummaryField>
        <SummaryField Name="PaymentReason">
          <Percentage>0.1</Percentage>
          <Count>4</Count>
        </SummaryField>
        <SummaryField Name="ClientName">
          <Percentage>0.025</Percentage>
          <Count>1</Count>
        </SummaryField>
      </SummaryFields>
    </BenchmarkSummary>
    <BenchmarkSummary Name="ResultMissing" AllPercentage="0" AllCount="0">
      <SummaryFields>
        <SummaryField Name="Amount">
          <Percentage>0</Percentage>
          <Count>0</Count>
        </SummaryField>
        <SummaryField Name="Currency">
          <Percentage>0</Percentage>
          <Count>0</Count>
        </SummaryField>
        <SummaryField Name="IBAN">
          <Percentage>0</Percentage>
          <Count>0</Count>
        </SummaryField>
        <SummaryField Name="PaymentReason">
          <Percentage>0</Percentage>
          <Count>0</Count>
        </SummaryField>
        <SummaryField Name="ClientName">
          <Percentage>0</Percentage>
          <Count>0</Count>
        </SummaryField>
      </SummaryFields>
    </BenchmarkSummary>
  </BenchmarkSummaries>
  <BenchmarkDocuments>
    <BenchmarkDocument Name="C:\UBS\tif_col_benchmark RS\p161.xdc" className="Payment" TruePositives="0.6" FalsePositives="0.2" TrueNegatives="0" FalseNegatives="0.2">
      <DocumentFields>
        <DocumentField Name="Amount">
          <OriginalText>23100.00</OriginalText>
          <ExtractedText />
          <ExtractedConfidence>0.00%</ExtractedConfidence>
          <LocatorThreshold>70.00%</LocatorThreshold>
          <ResType>ResultFalseNegatives</ResType>
        </DocumentField>
        <DocumentField Name="Currency">
          <OriginalText>CHF</OriginalText>
          <ExtractedText>CHF</ExtractedText>
          <ExtractedConfidence>71.53%</ExtractedConfidence>
          <LocatorThreshold>70.00%</LocatorThreshold>
          <ResType>ResultTruePositives</ResType>
        </DocumentField>
        <DocumentField Name="IBAN">
          <OriginalText>CH48RAIFH502518942684366Q</OriginalText>
          <ExtractedText>CH48RAIFH502518942684366Q</ExtractedText>
          <ExtractedConfidence>77.25%</ExtractedConfidence>
          <LocatorThreshold>70.00%</LocatorThreshold>
          <ResType>ResultTruePositives</ResType>
        </DocumentField>
        <DocumentField Name="PaymentReason">
          <OriginalText>Minim</OriginalText>
          <ExtractedText />
          <ExtractedConfidence>0.00%</ExtractedConfidence>
          <LocatorThreshold>60.00%</LocatorThreshold>
          <ResType>ResultFalsePositives</ResType>
        </DocumentField>
        <DocumentField Name="ClientName">
          <OriginalText>Hotz - Baumgartner</OriginalText>
          <ExtractedText>Hotz - Baumgartner</ExtractedText>
          <ExtractedConfidence>76.67%</ExtractedConfidence>
          <LocatorThreshold>60.00%</LocatorThreshold>
          <ResType>ResultTruePositives</ResType>
        </DocumentField>
      </DocumentFields>
      <DocID>1</DocID>
    </BenchmarkDocument>
    <BenchmarkDocument Name="C:\UBS\tif_col_benchmark RS\p162.xdc" className="Payment" TruePositives="0" FalsePositives="0.4" TrueNegatives="0.4" FalseNegatives="0.2">
      <DocumentFields>
        <DocumentField Name="Amount">
          <OriginalText>37352.00</OriginalText>
          <ExtractedText>37352.00</ExtractedText>
          <ExtractedConfidence>66.83%</ExtractedConfidence>
          <LocatorThreshold>70.00%</LocatorThreshold>
          <ResType>ResultTrueNegatives</ResType>
        </DocumentField>
        <DocumentField Name="Currency">
          <OriginalText>CHF</OriginalText>
          <ExtractedText>CHF</ExtractedText>
          <ExtractedConfidence>63.25%</ExtractedConfidence>
          <LocatorThreshold>70.00%</LocatorThreshold>
          <ResType>ResultTrueNegatives</ResType>
        </DocumentField>
        <DocumentField Name="IBAN">
          <OriginalText>CH37RAIF4002804586167640Y</OriginalText>
          <ExtractedText>CH37RAIF4002804586167640YRAIFCH22332</ExtractedText>
          <ExtractedConfidence>74.07%</ExtractedConfidence>
          <LocatorThreshold>70.00%</LocatorThreshold>
          <ResType>ResultFalsePositives</ResType>
        </DocumentField>
        <DocumentField Name="PaymentReason">
          <OriginalText>Iusto sit ut quisquam assume</OriginalText>
          <ExtractedText />
          <ExtractedConfidence>0.00%</ExtractedConfidence>
          <LocatorThreshold>60.00%</LocatorThreshold>
          <ResType>ResultFalsePositives</ResType>
        </DocumentField>
        <DocumentField Name="ClientName">
          <OriginalText>Stettier - Lang</OriginalText>
          <ExtractedText />
          <ExtractedConfidence>0.00%</ExtractedConfidence>
          <LocatorThreshold>60.00%</LocatorThreshold>
          <ResType>ResultFalseNegatives</ResType>
        </DocumentField>
      </DocumentFields>
      <DocID>2</DocID>
    </BenchmarkDocument>
    <BenchmarkDocument Name="C:\UBS\tif_col_benchmark RS\p163.xdc" className="Payment" TruePositives="0.8" FalsePositives="0.2" TrueNegatives="0" FalseNegatives="0">
      <DocumentFields>
        <DocumentField Name="Amount">
          <OriginalText>14127.00</OriginalText>
          <ExtractedText>14127.00</ExtractedText>
          <ExtractedConfidence>77.46%</ExtractedConfidence>
          <LocatorThreshold>70.00%</LocatorThreshold>
          <ResType>ResultTruePositives</ResType>
        </DocumentField>
        <DocumentField Name="Currency">
          <OriginalText>CHF</OriginalText>
          <ExtractedText>CHF</ExtractedText>
          <ExtractedConfidence>74.80%</ExtractedConfidence>
          <LocatorThreshold>70.00%</LocatorThreshold>
          <ResType>ResultTruePositives</ResType>
        </DocumentField>
        <DocumentField Name="IBAN">
          <OriginalText>CH21RAIF0802895535709711K</OriginalText>
          <ExtractedText>CH21RAIF0802895535709711KRAIFCH22905</ExtractedText>
          <ExtractedConfidence>73.28%</ExtractedConfidence>
          <LocatorThreshold>70.00%</LocatorThreshold>
          <ResType>ResultFalsePositives</ResType>
        </DocumentField>
        <DocumentField Name="PaymentReason">
          <OriginalText />
          <ExtractedText />
          <ExtractedConfidence>0.00%</ExtractedConfidence>
          <LocatorThreshold>60.00%</LocatorThreshold>
          <ResType>ResultTruePositives</ResType>
        </DocumentField>
        <DocumentField Name="ClientName">
          <OriginalText>Felber, Lutz and Hofstetter</OriginalText>
          <ExtractedText>Felber, Lutz and Hofstetter</ExtractedText>
          <ExtractedConfidence>76.01%</ExtractedConfidence>
          <LocatorThreshold>60.00%</LocatorThreshold>
          <ResType>ResultTruePositives</ResType>
        </DocumentField>
      </DocumentFields>
      <DocID>3</DocID>
    </BenchmarkDocument>
    <BenchmarkDocument Name="C:\UBS\tif_col_benchmark RS\p164.xdc" className="Payment" TruePositives="0.8" FalsePositives="0" TrueNegatives="0" FalseNegatives="0.2">
      <DocumentFields>
        <DocumentField Name="Amount">
          <OriginalText>25789.00</OriginalText>
          <ExtractedText>25789.00</ExtractedText>
          <ExtractedConfidence>72.00%</ExtractedConfidence>
          <LocatorThreshold>70.00%</LocatorThreshold>
          <ResType>ResultTruePositives</ResType>
        </DocumentField>
        <DocumentField Name="Currency">
          <OriginalText>USD</OriginalText>
          <ExtractedText>USD</ExtractedText>
          <ExtractedConfidence>74.60%</ExtractedConfidence>
          <LocatorThreshold>70.00%</LocatorThreshold>
          <ResType>ResultTruePositives</ResType>
        </DocumentField>
        <DocumentField Name="IBAN">
          <OriginalText>CH38UBSW0002694632921194Q</OriginalText>
          <ExtractedText>CH38UBSW0002694632921194QUBSWCHZH81H</ExtractedText>
          <ExtractedConfidence>66.87%</ExtractedConfidence>
          <LocatorThreshold>70.00%</LocatorThreshold>
          <ResType>ResultFalseNegatives</ResType>
        </DocumentField>
        <DocumentField Name="PaymentReason">
          <OriginalText />
          <ExtractedText />
          <ExtractedConfidence>0.00%</ExtractedConfidence>
          <LocatorThreshold>60.00%</LocatorThreshold>
          <ResType>ResultTruePositives</ResType>
        </DocumentField>
        <DocumentField Name="ClientName">
          <OriginalText>Peter - Aebi</OriginalText>
          <ExtractedText>Peter - Aebi</ExtractedText>
          <ExtractedConfidence>71.81%</ExtractedConfidence>
          <LocatorThreshold>60.00%</LocatorThreshold>
          <ResType>ResultTruePositives</ResType>
        </DocumentField>
      </DocumentFields>
      <DocID>4</DocID>
    </BenchmarkDocument>
    <BenchmarkDocument Name="C:\UBS\tif_col_benchmark RS\p165.xdc" className="Payment" TruePositives="0.8" FalsePositives="0.2" TrueNegatives="0" FalseNegatives="0">
      <DocumentFields>
        <DocumentField Name="Amount">
          <OriginalText>48455.00</OriginalText>
          <ExtractedText>48455.00</ExtractedText>
          <ExtractedConfidence>79.48%</ExtractedConfidence>
          <LocatorThreshold>70.00%</LocatorThreshold>
          <ResType>ResultTruePositives</ResType>
        </DocumentField>
        <DocumentField Name="Currency">
          <OriginalText>USD</OriginalText>
          <ExtractedText>USD</ExtractedText>
          <ExtractedConfidence>70.24%</ExtractedConfidence>
          <LocatorThreshold>70.00%</LocatorThreshold>
          <ResType>ResultTruePositives</ResType>
        </DocumentField>
        <DocumentField Name="IBAN">
          <OriginalText>CH33RAIF0002846450284809M</OriginalText>
          <ExtractedText>CH33RAIF0002846450284809MBENEFICIARY</ExtractedText>
          <ExtractedConfidence>77.33%</ExtractedConfidence>
          <LocatorThreshold>70.00%</LocatorThreshold>
          <ResType>ResultFalsePositives</ResType>
        </DocumentField>
        <DocumentField Name="PaymentReason">
          <OriginalText />
          <ExtractedText />
          <ExtractedConfidence>0.00%</ExtractedConfidence>
          <LocatorThreshold>60.00%</LocatorThreshold>
          <ResType>ResultTruePositives</ResType>
        </DocumentField>
        <DocumentField Name="ClientName">
          <OriginalText>Theodor Baur</OriginalText>
          <ExtractedText>Theodor Baur</ExtractedText>
          <ExtractedConfidence>73.79%</ExtractedConfidence>
          <LocatorThreshold>60.00%</LocatorThreshold>
          <ResType>ResultTruePositives</ResType>
        </DocumentField>
      </DocumentFields>
      <DocID>5</DocID>
    </BenchmarkDocument>
    <BenchmarkDocument Name="C:\UBS\tif_col_benchmark RS\p166.xdc" className="Payment" TruePositives="0.4" FalsePositives="0.2" TrueNegatives="0" FalseNegatives="0.4">
      <DocumentFields>
        <DocumentField Name="Amount">
          <OriginalText>8648.00</OriginalText>
          <ExtractedText />
          <ExtractedConfidence>0.00%</ExtractedConfidence>
          <LocatorThreshold>70.00%</LocatorThreshold>
          <ResType>ResultFalseNegatives</ResType>
        </DocumentField>
        <DocumentField Name="Currency">
          <OriginalText>CHF</OriginalText>
          <ExtractedText />
          <ExtractedConfidence>0.00%</ExtractedConfidence>
          <LocatorThreshold>70.00%</LocatorThreshold>
          <ResType>ResultFalseNegatives</ResType>
        </DocumentField>
        <DocumentField Name="IBAN">
          <OriginalText>CH45ITAU460274699073347I</OriginalText>
          <ExtractedText>699073347ICH45ITAU460274699073347Iholder</ExtractedText>
          <ExtractedConfidence>77.77%</ExtractedConfidence>
          <LocatorThreshold>70.00%</LocatorThreshold>
          <ResType>ResultFalsePositives</ResType>
        </DocumentField>
        <DocumentField Name="PaymentReason">
          <OriginalText>In necessitatibus aut.</OriginalText>
          <ExtractedText>In necessitatibus aut.</ExtractedText>
          <ExtractedConfidence>69.99%</ExtractedConfidence>
          <LocatorThreshold>60.00%</LocatorThreshold>
          <ResType>ResultTruePositives</ResType>
        </DocumentField>
        <DocumentField Name="ClientName">
          <OriginalText>Steffen, Roth and Ziegler</OriginalText>
          <ExtractedText>Steffen, Roth and Ziegler</ExtractedText>
          <ExtractedConfidence>78.66%</ExtractedConfidence>
          <LocatorThreshold>60.00%</LocatorThreshold>
          <ResType>ResultTruePositives</ResType>
        </DocumentField>
      </DocumentFields>
      <DocID>6</DocID>
    </BenchmarkDocument>
    <BenchmarkDocument Name="C:\UBS\tif_col_benchmark RS\p167.xdc" className="Payment" TruePositives="0.4" FalsePositives="0" TrueNegatives="0.6" FalseNegatives="0">
      <DocumentFields>
        <DocumentField Name="Amount">
          <OriginalText>23790.00</OriginalText>
          <ExtractedText>23790.00</ExtractedText>
          <ExtractedConfidence>66.11%</ExtractedConfidence>
          <LocatorThreshold>70.00%</LocatorThreshold>
          <ResType>ResultTrueNegatives</ResType>
        </DocumentField>
        <DocumentField Name="Currency">
          <OriginalText>CHF</OriginalText>
          <ExtractedText>CHF</ExtractedText>
          <ExtractedConfidence>46.62%</ExtractedConfidence>
          <LocatorThreshold>70.00%</LocatorThreshold>
          <ResType>ResultTrueNegatives</ResType>
        </DocumentField>
        <DocumentField Name="IBAN">
          <OriginalText>CH69UBSW0502118130623717D</OriginalText>
          <ExtractedText>CH69UBSW0502118130623717D</ExtractedText>
          <ExtractedConfidence>67.08%</ExtractedConfidence>
          <LocatorThreshold>70.00%</LocatorThreshold>
          <ResType>ResultTrueNegatives</ResType>
        </DocumentField>
        <DocumentField Name="PaymentReason">
          <OriginalText />
          <ExtractedText />
          <ExtractedConfidence>0.00%</ExtractedConfidence>
          <LocatorThreshold>60.00%</LocatorThreshold>
          <ResType>ResultTruePositives</ResType>
        </DocumentField>
        <DocumentField Name="ClientName">
          <OriginalText>Schneider - Sidler</OriginalText>
          <ExtractedText>Schneider - Sidler</ExtractedText>
          <ExtractedConfidence>72.20%</ExtractedConfidence>
          <LocatorThreshold>60.00%</LocatorThreshold>
          <ResType>ResultTruePositives</ResType>
        </DocumentField>
      </DocumentFields>
      <DocID>7</DocID>
    </BenchmarkDocument>
    <BenchmarkDocument Name="C:\UBS\tif_col_benchmark RS\p168.xdc" className="Payment" TruePositives="0.6" FalsePositives="0.2" TrueNegatives="0" FalseNegatives="0.2">
      <DocumentFields>
        <DocumentField Name="Amount">
          <OriginalText>41900.00</OriginalText>
          <ExtractedText>41900.00</ExtractedText>
          <ExtractedConfidence>77.09%</ExtractedConfidence>
          <LocatorThreshold>70.00%</LocatorThreshold>
          <ResType>ResultTruePositives</ResType>
        </DocumentField>
        <DocumentField Name="Currency">
          <OriginalText>USD</OriginalText>
          <ExtractedText>USD</ExtractedText>
          <ExtractedConfidence>77.11%</ExtractedConfidence>
          <LocatorThreshold>70.00%</LocatorThreshold>
          <ResType>ResultTruePositives</ResType>
        </DocumentField>
        <DocumentField Name="IBAN">
          <OriginalText>CH16RAIF1402399160127837H</OriginalText>
          <ExtractedText>CH16RAIF1402399160127837HRAIFCH22527</ExtractedText>
          <ExtractedConfidence>56.41%</ExtractedConfidence>
          <LocatorThreshold>70.00%</LocatorThreshold>
          <ResType>ResultFalseNegatives</ResType>
        </DocumentField>
        <DocumentField Name="PaymentReason">
          <OriginalText />
          <ExtractedText />
          <ExtractedConfidence>0.00%</ExtractedConfidence>
          <LocatorThreshold>60.00%</LocatorThreshold>
          <ResType>ResultTruePositives</ResType>
        </DocumentField>
        <DocumentField Name="ClientName">
          <OriginalText>Thommen, Lang and Wagner</OriginalText>
          <ExtractedText>Thommen, Lang and Wagner Paul Klee</ExtractedText>
          <ExtractedConfidence>69.49%</ExtractedConfidence>
          <LocatorThreshold>60.00%</LocatorThreshold>
          <ResType>ResultFalsePositives</ResType>
        </DocumentField>
      </DocumentFields>
      <DocID>8</DocID>
    </BenchmarkDocument>
    <BenchmarkDocument Name="C:\UBS\tif_col_benchmark RS\p169.xdc" className="Payment" TruePositives="0.4" FalsePositives="0" TrueNegatives="0.2" FalseNegatives="0.4">
      <DocumentFields>
        <DocumentField Name="Amount">
          <OriginalText>39525.00</OriginalText>
          <ExtractedText>39525.00</ExtractedText>
          <ExtractedConfidence>64.05%</ExtractedConfidence>
          <LocatorThreshold>70.00%</LocatorThreshold>
          <ResType>ResultTrueNegatives</ResType>
        </DocumentField>
        <DocumentField Name="Currency">
          <OriginalText>CHF</OriginalText>
          <ExtractedText />
          <ExtractedConfidence>0.00%</ExtractedConfidence>
          <LocatorThreshold>70.00%</LocatorThreshold>
          <ResType>ResultFalseNegatives</ResType>
        </DocumentField>
        <DocumentField Name="IBAN">
          <OriginalText>DE24MSFF0702568577599530C</OriginalText>
          <ExtractedText />
          <ExtractedConfidence>0.00%</ExtractedConfidence>
          <LocatorThreshold>70.00%</LocatorThreshold>
          <ResType>ResultFalseNegatives</ResType>
        </DocumentField>
        <DocumentField Name="PaymentReason">
          <OriginalText>Consectetur amet</OriginalText>
          <ExtractedText>Consectetur amet</ExtractedText>
          <ExtractedConfidence>76.02%</ExtractedConfidence>
          <LocatorThreshold>60.00%</LocatorThreshold>
          <ResType>ResultTruePositives</ResType>
        </DocumentField>
        <DocumentField Name="ClientName">
          <OriginalText>Graf - Kälin</OriginalText>
          <ExtractedText>Graf - Kälin</ExtractedText>
          <ExtractedConfidence>78.45%</ExtractedConfidence>
          <LocatorThreshold>60.00%</LocatorThreshold>
          <ResType>ResultTruePositives</ResType>
        </DocumentField>
      </DocumentFields>
      <DocID>9</DocID>
    </BenchmarkDocument>
    <BenchmarkDocument Name="C:\UBS\tif_col_benchmark RS\p170.xdc" className="Payment" TruePositives="0.4" FalsePositives="0" TrueNegatives="0.2" FalseNegatives="0.4">
      <DocumentFields>
        <DocumentField Name="Amount">
          <OriginalText>47659.00</OriginalText>
          <ExtractedText />
          <ExtractedConfidence>0.00%</ExtractedConfidence>
          <LocatorThreshold>70.00%</LocatorThreshold>
          <ResType>ResultFalseNegatives</ResType>
        </DocumentField>
        <DocumentField Name="Currency">
          <OriginalText>USD</OriginalText>
          <ExtractedText>USD</ExtractedText>
          <ExtractedConfidence>73.22%</ExtractedConfidence>
          <LocatorThreshold>70.00%</LocatorThreshold>
          <ResType>ResultTruePositives</ResType>
        </DocumentField>
        <DocumentField Name="IBAN">
          <OriginalText>CH25UBSW9202155674523261F</OriginalText>
          <ExtractedText>CH25UBSW9202155674523261F</ExtractedText>
          <ExtractedConfidence>63.45%</ExtractedConfidence>
          <LocatorThreshold>70.00%</LocatorThreshold>
          <ResType>ResultTrueNegatives</ResType>
        </DocumentField>
        <DocumentField Name="PaymentReason">
          <OriginalText>Non nam tempora repell</OriginalText>
          <ExtractedText>Non nam</ExtractedText>
          <ExtractedConfidence>53.45%</ExtractedConfidence>
          <LocatorThreshold>60.00%</LocatorThreshold>
          <ResType>ResultFalseNegatives</ResType>
        </DocumentField>
        <DocumentField Name="ClientName">
          <OriginalText>Rüegg, Gerber and Wegmann</OriginalText>
          <ExtractedText>Rüegg, Gerber and Wegmann</ExtractedText>
          <ExtractedConfidence>78.05%</ExtractedConfidence>
          <LocatorThreshold>60.00%</LocatorThreshold>
          <ResType>ResultTruePositives</ResType>
        </DocumentField>
      </DocumentFields>
      <DocID>10</DocID>
    </BenchmarkDocument>
    <BenchmarkDocument Name="C:\UBS\tif_col_benchmark RS\p171.xdc" className="Payment" TruePositives="1" FalsePositives="0" TrueNegatives="0" FalseNegatives="0">
      <DocumentFields>
        <DocumentField Name="Amount">
          <OriginalText>12784.00</OriginalText>
          <ExtractedText>12784.00</ExtractedText>
          <ExtractedConfidence>79.55%</ExtractedConfidence>
          <LocatorThreshold>70.00%</LocatorThreshold>
          <ResType>ResultTruePositives</ResType>
        </DocumentField>
        <DocumentField Name="Currency">
          <OriginalText>USD</OriginalText>
          <ExtractedText>USD</ExtractedText>
          <ExtractedConfidence>74.15%</ExtractedConfidence>
          <LocatorThreshold>70.00%</LocatorThreshold>
          <ResType>ResultTruePositives</ResType>
        </DocumentField>
        <DocumentField Name="IBAN">
          <OriginalText>CH23RAIF1902642044833030H</OriginalText>
          <ExtractedText>CH23RAIF1902642044833030H</ExtractedText>
          <ExtractedConfidence>70.84%</ExtractedConfidence>
          <LocatorThreshold>70.00%</LocatorThreshold>
          <ResType>ResultTruePositives</ResType>
        </DocumentField>
        <DocumentField Name="PaymentReason">
          <OriginalText />
          <ExtractedText />
          <ExtractedConfidence>0.00%</ExtractedConfidence>
          <LocatorThreshold>60.00%</LocatorThreshold>
          <ResType>ResultTruePositives</ResType>
        </DocumentField>
        <DocumentField Name="ClientName">
          <OriginalText>Helen Schäfer</OriginalText>
          <ExtractedText>Helen Schäfer</ExtractedText>
          <ExtractedConfidence>79.26%</ExtractedConfidence>
          <LocatorThreshold>60.00%</LocatorThreshold>
          <ResType>ResultTruePositives</ResType>
        </DocumentField>
      </DocumentFields>
      <DocID>11</DocID>
    </BenchmarkDocument>
    <BenchmarkDocument Name="C:\UBS\tif_col_benchmark RS\p172.xdc" className="Payment" TruePositives="0.6" FalsePositives="0" TrueNegatives="0" FalseNegatives="0.4">
      <DocumentFields>
        <DocumentField Name="Amount">
          <OriginalText>13546.00</OriginalText>
          <ExtractedText>13546.00</ExtractedText>
          <ExtractedConfidence>79.66%</ExtractedConfidence>
          <LocatorThreshold>70.00%</LocatorThreshold>
          <ResType>ResultTruePositives</ResType>
        </DocumentField>
        <DocumentField Name="Currency">
          <OriginalText>CHF</OriginalText>
          <ExtractedText>CHF</ExtractedText>
          <ExtractedConfidence>75.97%</ExtractedConfidence>
          <LocatorThreshold>70.00%</LocatorThreshold>
          <ResType>ResultTruePositives</ResType>
        </DocumentField>
        <DocumentField Name="IBAN">
          <OriginalText>CH45RAIF4402307892863065Z</OriginalText>
          <ExtractedText />
          <ExtractedConfidence>0.00%</ExtractedConfidence>
          <LocatorThreshold>70.00%</LocatorThreshold>
          <ResType>ResultFalseNegatives</ResType>
        </DocumentField>
        <DocumentField Name="PaymentReason">
          <OriginalText>Ratione perferen</OriginalText>
          <ExtractedText>Ratione perferen</ExtractedText>
          <ExtractedConfidence>68.09%</ExtractedConfidence>
          <LocatorThreshold>60.00%</LocatorThreshold>
          <ResType>ResultTruePositives</ResType>
        </DocumentField>
        <DocumentField Name="ClientName">
          <OriginalText>Weber - Rey</OriginalText>
          <ExtractedText>Weber -</ExtractedText>
          <ExtractedConfidence>76.61%</ExtractedConfidence>
          <LocatorThreshold>60.00%</LocatorThreshold>
          <ResType>ResultFalseNegatives</ResType>
        </DocumentField>
      </DocumentFields>
      <DocID>12</DocID>
    </BenchmarkDocument>
    <BenchmarkDocument Name="C:\UBS\tif_col_benchmark RS\p173.xdc" className="Payment" TruePositives="0.4" FalsePositives="0" TrueNegatives="0.2" FalseNegatives="0.4">
      <DocumentFields>
        <DocumentField Name="Amount">
          <OriginalText>29599.00</OriginalText>
          <ExtractedText>29599.00</ExtractedText>
          <ExtractedConfidence>57.57%</ExtractedConfidence>
          <LocatorThreshold>70.00%</LocatorThreshold>
          <ResType>ResultTrueNegatives</ResType>
        </DocumentField>
        <DocumentField Name="Currency">
          <OriginalText>GBP</OriginalText>
          <ExtractedText />
          <ExtractedConfidence>0.00%</ExtractedConfidence>
          <LocatorThreshold>70.00%</LocatorThreshold>
          <ResType>ResultFalseNegatives</ResType>
        </DocumentField>
        <DocumentField Name="IBAN">
          <OriginalText>CH22CRES9802389608154790C</OriginalText>
          <ExtractedText />
          <ExtractedConfidence>0.00%</ExtractedConfidence>
          <LocatorThreshold>70.00%</LocatorThreshold>
          <ResType>ResultFalseNegatives</ResType>
        </DocumentField>
        <DocumentField Name="PaymentReason">
          <OriginalText>Quidem et inventore tene</OriginalText>
          <ExtractedText>Quidem et inventore tene</ExtractedText>
          <ExtractedConfidence>67.90%</ExtractedConfidence>
          <LocatorThreshold>60.00%</LocatorThreshold>
          <ResType>ResultTruePositives</ResType>
        </DocumentField>
        <DocumentField Name="ClientName">
          <OriginalText>Amrein und Partner</OriginalText>
          <ExtractedText>Amrein und Partner</ExtractedText>
          <ExtractedConfidence>79.25%</ExtractedConfidence>
          <LocatorThreshold>60.00%</LocatorThreshold>
          <ResType>ResultTruePositives</ResType>
        </DocumentField>
      </DocumentFields>
      <DocID>13</DocID>
    </BenchmarkDocument>
    <BenchmarkDocument Name="C:\UBS\tif_col_benchmark RS\p174.xdc" className="Payment" TruePositives="0.6" FalsePositives="0" TrueNegatives="0.2" FalseNegatives="0.2">
      <DocumentFields>
        <DocumentField Name="Amount">
          <OriginalText>23215.00</OriginalText>
          <ExtractedText>23215.00</ExtractedText>
          <ExtractedConfidence>79.71%</ExtractedConfidence>
          <LocatorThreshold>70.00%</LocatorThreshold>
          <ResType>ResultTruePositives</ResType>
        </DocumentField>
        <DocumentField Name="Currency">
          <OriginalText>CHF</OriginalText>
          <ExtractedText>CHF</ExtractedText>
          <ExtractedConfidence>78.74%</ExtractedConfidence>
          <LocatorThreshold>70.00%</LocatorThreshold>
          <ResType>ResultTruePositives</ResType>
        </DocumentField>
        <DocumentField Name="IBAN">
          <OriginalText>CH39RAIF4802848852562407U</OriginalText>
          <ExtractedText>RAIFCH22A73</ExtractedText>
          <ExtractedConfidence>72.03%</ExtractedConfidence>
          <LocatorThreshold>70.00%</LocatorThreshold>
          <ResType>ResultFalseNegatives</ResType>
        </DocumentField>
        <DocumentField Name="PaymentReason">
          <OriginalText>Repudiand</OriginalText>
          <ExtractedText>Repudiand</ExtractedText>
          <ExtractedConfidence>51.85%</ExtractedConfidence>
          <LocatorThreshold>60.00%</LocatorThreshold>
          <ResType>ResultTrueNegatives</ResType>
        </DocumentField>
        <DocumentField Name="ClientName">
          <OriginalText>Stalder, Steinmann and Bauer</OriginalText>
          <ExtractedText>Stalder, Steinmann and Bauer</ExtractedText>
          <ExtractedConfidence>66.27%</ExtractedConfidence>
          <LocatorThreshold>60.00%</LocatorThreshold>
          <ResType>ResultTruePositives</ResType>
        </DocumentField>
      </DocumentFields>
      <DocID>14</DocID>
    </BenchmarkDocument>
    <BenchmarkDocument Name="C:\UBS\tif_col_benchmark RS\p175.xdc" className="Payment" TruePositives="0.2" FalsePositives="0" TrueNegatives="0.8" FalseNegatives="0">
      <DocumentFields>
        <DocumentField Name="Amount">
          <OriginalText>36089.00</OriginalText>
          <ExtractedText>36089.00</ExtractedText>
          <ExtractedConfidence>74.96%</ExtractedConfidence>
          <LocatorThreshold>70.00%</LocatorThreshold>
          <ResType>ResultTruePositives</ResType>
        </DocumentField>
        <DocumentField Name="Currency">
          <OriginalText>CHF</OriginalText>
          <ExtractedText>CHF</ExtractedText>
          <ExtractedConfidence>68.83%</ExtractedConfidence>
          <LocatorThreshold>70.00%</LocatorThreshold>
          <ResType>ResultTrueNegatives</ResType>
        </DocumentField>
        <DocumentField Name="IBAN">
          <OriginalText>CH06SOLB020255732604027D</OriginalText>
          <ExtractedText>CH06SOLB020255732604027D</ExtractedText>
          <ExtractedConfidence>64.77%</ExtractedConfidence>
          <LocatorThreshold>70.00%</LocatorThreshold>
          <ResType>ResultTrueNegatives</ResType>
        </DocumentField>
        <DocumentField Name="PaymentReason">
          <OriginalText>Commodi aut odit susci</OriginalText>
          <ExtractedText>Commodi aut odit susci</ExtractedText>
          <ExtractedConfidence>58.51%</ExtractedConfidence>
          <LocatorThreshold>60.00%</LocatorThreshold>
          <ResType>ResultTrueNegatives</ResType>
        </DocumentField>
        <DocumentField Name="ClientName">
          <OriginalText>Tanner - Brun</OriginalText>
          <ExtractedText>Tanner - Brun</ExtractedText>
          <ExtractedConfidence>67.64%</ExtractedConfidence>
          <LocatorThreshold>60.00%</LocatorThreshold>
          <ResType>ResultTrueNegatives</ResType>
        </DocumentField>
      </DocumentFields>
      <DocID>15</DocID>
    </BenchmarkDocument>
    <BenchmarkDocument Name="C:\UBS\tif_col_benchmark RS\p176.xdc" className="Payment" TruePositives="0.8" FalsePositives="0" TrueNegatives="0.2" FalseNegatives="0">
      <DocumentFields>
        <DocumentField Name="Amount">
          <OriginalText>15764.00</OriginalText>
          <ExtractedText>15764.00</ExtractedText>
          <ExtractedConfidence>73.27%</ExtractedConfidence>
          <LocatorThreshold>70.00%</LocatorThreshold>
          <ResType>ResultTruePositives</ResType>
        </DocumentField>
        <DocumentField Name="Currency">
          <OriginalText>CHF</OriginalText>
          <ExtractedText>CHF</ExtractedText>
          <ExtractedConfidence>74.26%</ExtractedConfidence>
          <LocatorThreshold>70.00%</LocatorThreshold>
          <ResType>ResultTruePositives</ResType>
        </DocumentField>
        <DocumentField Name="IBAN">
          <OriginalText>CH22KBSZ3102436455137614G</OriginalText>
          <ExtractedText>CH22KBSZ3102436455137614G</ExtractedText>
          <ExtractedConfidence>68.31%</ExtractedConfidence>
          <LocatorThreshold>70.00%</LocatorThreshold>
          <ResType>ResultTrueNegatives</ResType>
        </DocumentField>
        <DocumentField Name="PaymentReason">
          <OriginalText>Ut volupta</OriginalText>
          <ExtractedText>Ut volupta</ExtractedText>
          <ExtractedConfidence>76.48%</ExtractedConfidence>
          <LocatorThreshold>60.00%</LocatorThreshold>
          <ResType>ResultTruePositives</ResType>
        </DocumentField>
        <DocumentField Name="ClientName">
          <OriginalText>Hafner - Ott</OriginalText>
          <ExtractedText>Hafner - Ott</ExtractedText>
          <ExtractedConfidence>73.73%</ExtractedConfidence>
          <LocatorThreshold>60.00%</LocatorThreshold>
          <ResType>ResultTruePositives</ResType>
        </DocumentField>
      </DocumentFields>
      <DocID>16</DocID>
    </BenchmarkDocument>
    <BenchmarkDocument Name="C:\UBS\tif_col_benchmark RS\p177.xdc" className="Payment" TruePositives="0.4" FalsePositives="0" TrueNegatives="0.4" FalseNegatives="0.2">
      <DocumentFields>
        <DocumentField Name="Amount">
          <OriginalText>8873.00</OriginalText>
          <ExtractedText>8873.00</ExtractedText>
          <ExtractedConfidence>59.94%</ExtractedConfidence>
          <LocatorThreshold>70.00%</LocatorThreshold>
          <ResType>ResultTrueNegatives</ResType>
        </DocumentField>
        <DocumentField Name="Currency">
          <OriginalText>EUR</OriginalText>
          <ExtractedText />
          <ExtractedConfidence>0.00%</ExtractedConfidence>
          <LocatorThreshold>70.00%</LocatorThreshold>
          <ResType>ResultFalseNegatives</ResType>
        </DocumentField>
        <DocumentField Name="IBAN">
          <OriginalText>CH39RAIF0402939932304084B</OriginalText>
          <ExtractedText>CH39RAIF0402939932304084B</ExtractedText>
          <ExtractedConfidence>56.48%</ExtractedConfidence>
          <LocatorThreshold>70.00%</LocatorThreshold>
          <ResType>ResultTrueNegatives</ResType>
        </DocumentField>
        <DocumentField Name="PaymentReason">
          <OriginalText>Autem quisq</OriginalText>
          <ExtractedText>Autem quisq</ExtractedText>
          <ExtractedConfidence>73.97%</ExtractedConfidence>
          <LocatorThreshold>60.00%</LocatorThreshold>
          <ResType>ResultTruePositives</ResType>
        </DocumentField>
        <DocumentField Name="ClientName">
          <OriginalText>Egli und Söhne</OriginalText>
          <ExtractedText>Egli und Söhne</ExtractedText>
          <ExtractedConfidence>66.83%</ExtractedConfidence>
          <LocatorThreshold>60.00%</LocatorThreshold>
          <ResType>ResultTruePositives</ResType>
        </DocumentField>
      </DocumentFields>
      <DocID>17</DocID>
    </BenchmarkDocument>
    <BenchmarkDocument Name="C:\UBS\tif_col_benchmark RS\p178.xdc" className="Payment" TruePositives="0.8" FalsePositives="0" TrueNegatives="0.2" FalseNegatives="0">
      <DocumentFields>
        <DocumentField Name="Amount">
          <OriginalText>37956.00</OriginalText>
          <ExtractedText>37956.00</ExtractedText>
          <ExtractedConfidence>78.23%</ExtractedConfidence>
          <LocatorThreshold>70.00%</LocatorThreshold>
          <ResType>ResultTruePositives</ResType>
        </DocumentField>
        <DocumentField Name="Currency">
          <OriginalText>CHF</OriginalText>
          <ExtractedText>CHF</ExtractedText>
          <ExtractedConfidence>75.81%</ExtractedConfidence>
          <LocatorThreshold>70.00%</LocatorThreshold>
          <ResType>ResultTruePositives</ResType>
        </DocumentField>
        <DocumentField Name="IBAN">
          <OriginalText>CH73UBSW100252305487162Q</OriginalText>
          <ExtractedText>CH73UBSW100252305487162Q</ExtractedText>
          <ExtractedConfidence>64.44%</ExtractedConfidence>
          <LocatorThreshold>70.00%</LocatorThreshold>
          <ResType>ResultTrueNegatives</ResType>
        </DocumentField>
        <DocumentField Name="PaymentReason">
          <OriginalText />
          <ExtractedText />
          <ExtractedConfidence>0.00%</ExtractedConfidence>
          <LocatorThreshold>60.00%</LocatorThreshold>
          <ResType>ResultTruePositives</ResType>
        </DocumentField>
        <DocumentField Name="ClientName">
          <OriginalText>Victor Favre</OriginalText>
          <ExtractedText>Victor Favre</ExtractedText>
          <ExtractedConfidence>78.89%</ExtractedConfidence>
          <LocatorThreshold>60.00%</LocatorThreshold>
          <ResType>ResultTruePositives</ResType>
        </DocumentField>
      </DocumentFields>
      <DocID>18</DocID>
    </BenchmarkDocument>
    <BenchmarkDocument Name="C:\UBS\tif_col_benchmark RS\p179.xdc" className="Payment" TruePositives="0.4" FalsePositives="0" TrueNegatives="0.2" FalseNegatives="0.4">
      <DocumentFields>
        <DocumentField Name="Amount">
          <OriginalText>38729.00</OriginalText>
          <ExtractedText>38729.00</ExtractedText>
          <ExtractedConfidence>57.22%</ExtractedConfidence>
          <LocatorThreshold>70.00%</LocatorThreshold>
          <ResType>ResultTrueNegatives</ResType>
        </DocumentField>
        <DocumentField Name="Currency">
          <OriginalText>GBP</OriginalText>
          <ExtractedText />
          <ExtractedConfidence>0.00%</ExtractedConfidence>
          <LocatorThreshold>70.00%</LocatorThreshold>
          <ResType>ResultFalseNegatives</ResType>
        </DocumentField>
        <DocumentField Name="IBAN">
          <OriginalText>CH76UBSW0102721575988425T</OriginalText>
          <ExtractedText>CH76UBSW0102721575988425T</ExtractedText>
          <ExtractedConfidence>71.26%</ExtractedConfidence>
          <LocatorThreshold>70.00%</LocatorThreshold>
          <ResType>ResultTruePositives</ResType>
        </DocumentField>
        <DocumentField Name="PaymentReason">
          <OriginalText>Molestiae modi</OriginalText>
          <ExtractedText>Molestiae modi</ExtractedText>
          <ExtractedConfidence>69.94%</ExtractedConfidence>
          <LocatorThreshold>60.00%</LocatorThreshold>
          <ResType>ResultTruePositives</ResType>
        </DocumentField>
        <DocumentField Name="ClientName">
          <OriginalText>Jacques Iten</OriginalText>
          <ExtractedText />
          <ExtractedConfidence>0.00%</ExtractedConfidence>
          <LocatorThreshold>60.00%</LocatorThreshold>
          <ResType>ResultFalseNegatives</ResType>
        </DocumentField>
      </DocumentFields>
      <DocID>19</DocID>
    </BenchmarkDocument>
    <BenchmarkDocument Name="C:\UBS\tif_col_benchmark RS\p180.xdc" className="Payment" TruePositives="0.4" FalsePositives="0.2" TrueNegatives="0.2" FalseNegatives="0.2">
      <DocumentFields>
        <DocumentField Name="Amount">
          <OriginalText>33277.00</OriginalText>
          <ExtractedText>33277.00</ExtractedText>
          <ExtractedConfidence>76.00%</ExtractedConfidence>
          <LocatorThreshold>70.00%</LocatorThreshold>
          <ResType>ResultTruePositives</ResType>
        </DocumentField>
        <DocumentField Name="Currency">
          <OriginalText>CHF</OriginalText>
          <ExtractedText>CHF</ExtractedText>
          <ExtractedConfidence>54.44%</ExtractedConfidence>
          <LocatorThreshold>70.00%</LocatorThreshold>
          <ResType>ResultTrueNegatives</ResType>
        </DocumentField>
        <DocumentField Name="IBAN">
          <OriginalText>CH62UBSW2502277996774907B</OriginalText>
          <ExtractedText />
          <ExtractedConfidence>0.00%</ExtractedConfidence>
          <LocatorThreshold>70.00%</LocatorThreshold>
          <ResType>ResultFalseNegatives</ResType>
        </DocumentField>
        <DocumentField Name="PaymentReason">
          <OriginalText>Dolorum molestiae sunt</OriginalText>
          <ExtractedText>Dolorum molestiae</ExtractedText>
          <ExtractedConfidence>70.34%</ExtractedConfidence>
          <LocatorThreshold>60.00%</LocatorThreshold>
          <ResType>ResultFalsePositives</ResType>
        </DocumentField>
        <DocumentField Name="ClientName">
          <OriginalText>Roth, Erni and Walter</OriginalText>
          <ExtractedText>Roth, Erni and Walter</ExtractedText>
          <ExtractedConfidence>75.10%</ExtractedConfidence>
          <LocatorThreshold>60.00%</LocatorThreshold>
          <ResType>ResultTruePositives</ResType>
        </DocumentField>
      </DocumentFields>
      <DocID>20</DocID>
    </BenchmarkDocument>
    <BenchmarkDocument Name="C:\UBS\tif_col_benchmark RS\p181.xdc" className="Payment" TruePositives="0.8" FalsePositives="0" TrueNegatives="0.2" FalseNegatives="0">
      <DocumentFields>
        <DocumentField Name="Amount">
          <OriginalText>13713.00</OriginalText>
          <ExtractedText>13713.00</ExtractedText>
          <ExtractedConfidence>77.29%</ExtractedConfidence>
          <LocatorThreshold>70.00%</LocatorThreshold>
          <ResType>ResultTruePositives</ResType>
        </DocumentField>
        <DocumentField Name="Currency">
          <OriginalText>EUR</OriginalText>
          <ExtractedText>EUR</ExtractedText>
          <ExtractedConfidence>68.53%</ExtractedConfidence>
          <LocatorThreshold>70.00%</LocatorThreshold>
          <ResType>ResultTrueNegatives</ResType>
        </DocumentField>
        <DocumentField Name="IBAN">
          <OriginalText>CH80UBSW0002104960552252X</OriginalText>
          <ExtractedText>CH80UBSW0002104960552252X</ExtractedText>
          <ExtractedConfidence>73.16%</ExtractedConfidence>
          <LocatorThreshold>70.00%</LocatorThreshold>
          <ResType>ResultTruePositives</ResType>
        </DocumentField>
        <DocumentField Name="PaymentReason">
          <OriginalText />
          <ExtractedText />
          <ExtractedConfidence>0.00%</ExtractedConfidence>
          <LocatorThreshold>60.00%</LocatorThreshold>
          <ResType>ResultTruePositives</ResType>
        </DocumentField>
        <DocumentField Name="ClientName">
          <OriginalText>Betschart - Baur</OriginalText>
          <ExtractedText>Betschart - Baur</ExtractedText>
          <ExtractedConfidence>68.02%</ExtractedConfidence>
          <LocatorThreshold>60.00%</LocatorThreshold>
          <ResType>ResultTruePositives</ResType>
        </DocumentField>
      </DocumentFields>
      <DocID>21</DocID>
    </BenchmarkDocument>
    <BenchmarkDocument Name="C:\UBS\tif_col_benchmark RS\p182.xdc" className="Payment" TruePositives="0.4" FalsePositives="0" TrueNegatives="0.2" FalseNegatives="0.4">
      <DocumentFields>
        <DocumentField Name="Amount">
          <OriginalText>17243.00</OriginalText>
          <ExtractedText>17243.00</ExtractedText>
          <ExtractedConfidence>79.25%</ExtractedConfidence>
          <LocatorThreshold>70.00%</LocatorThreshold>
          <ResType>ResultTruePositives</ResType>
        </DocumentField>
        <DocumentField Name="Currency">
          <OriginalText>EUR</OriginalText>
          <ExtractedText>EUR</ExtractedText>
          <ExtractedConfidence>69.38%</ExtractedConfidence>
          <LocatorThreshold>70.00%</LocatorThreshold>
          <ResType>ResultTrueNegatives</ResType>
        </DocumentField>
        <DocumentField Name="IBAN">
          <OriginalText>CH97UBSW4902542243374624Q</OriginalText>
          <ExtractedText>CH97UBSW4902542243374624Q</ExtractedText>
          <ExtractedConfidence>77.77%</ExtractedConfidence>
          <LocatorThreshold>70.00%</LocatorThreshold>
          <ResType>ResultTruePositives</ResType>
        </DocumentField>
        <DocumentField Name="PaymentReason">
          <OriginalText>Cum officia numquam nisi inci</OriginalText>
          <ExtractedText>Cum officia numquam nisi</ExtractedText>
          <ExtractedConfidence>53.82%</ExtractedConfidence>
          <LocatorThreshold>60.00%</LocatorThreshold>
          <ResType>ResultFalseNegatives</ResType>
        </DocumentField>
        <DocumentField Name="ClientName">
          <OriginalText>Alfons Huber</OriginalText>
          <ExtractedText />
          <ExtractedConfidence>0.00%</ExtractedConfidence>
          <LocatorThreshold>60.00%</LocatorThreshold>
          <ResType>ResultFalseNegatives</ResType>
        </DocumentField>
      </DocumentFields>
      <DocID>22</DocID>
    </BenchmarkDocument>
    <BenchmarkDocument Name="C:\UBS\tif_col_benchmark RS\p183.xdc" className="Payment" TruePositives="0.6" FalsePositives="0.2" TrueNegatives="0" FalseNegatives="0.2">
      <DocumentFields>
        <DocumentField Name="Amount">
          <OriginalText>22352.00</OriginalText>
          <ExtractedText>8722352.00</ExtractedText>
          <ExtractedConfidence>77.56%</ExtractedConfidence>
          <LocatorThreshold>70.00%</LocatorThreshold>
          <ResType>ResultFalsePositives</ResType>
        </DocumentField>
        <DocumentField Name="Currency">
          <OriginalText>USD</OriginalText>
          <ExtractedText>USD</ExtractedText>
          <ExtractedConfidence>76.89%</ExtractedConfidence>
          <LocatorThreshold>70.00%</LocatorThreshold>
          <ResType>ResultTruePositives</ResType>
        </DocumentField>
        <DocumentField Name="IBAN">
          <OriginalText>CH64CRES3002195876086780Z</OriginalText>
          <ExtractedText>CH64CRES3002195876086780</ExtractedText>
          <ExtractedConfidence>60.81%</ExtractedConfidence>
          <LocatorThreshold>70.00%</LocatorThreshold>
          <ResType>ResultFalseNegatives</ResType>
        </DocumentField>
        <DocumentField Name="PaymentReason">
          <OriginalText />
          <ExtractedText />
          <ExtractedConfidence>0.00%</ExtractedConfidence>
          <LocatorThreshold>60.00%</LocatorThreshold>
          <ResType>ResultTruePositives</ResType>
        </DocumentField>
        <DocumentField Name="ClientName">
          <OriginalText>Hoffmann - Aebi</OriginalText>
          <ExtractedText>Hoffmann - Aebi</ExtractedText>
          <ExtractedConfidence>71.55%</ExtractedConfidence>
          <LocatorThreshold>60.00%</LocatorThreshold>
          <ResType>ResultTruePositives</ResType>
        </DocumentField>
      </DocumentFields>
      <DocID>23</DocID>
    </BenchmarkDocument>
    <BenchmarkDocument Name="C:\UBS\tif_col_benchmark RS\p184.xdc" className="Payment" TruePositives="0.6" FalsePositives="0" TrueNegatives="0.4" FalseNegatives="0">
      <DocumentFields>
        <DocumentField Name="Amount">
          <OriginalText>48606.00</OriginalText>
          <ExtractedText>48606.00</ExtractedText>
          <ExtractedConfidence>76.98%</ExtractedConfidence>
          <LocatorThreshold>70.00%</LocatorThreshold>
          <ResType>ResultTruePositives</ResType>
        </DocumentField>
        <DocumentField Name="Currency">
          <OriginalText>CHF</OriginalText>
          <ExtractedText>CHF</ExtractedText>
          <ExtractedConfidence>61.03%</ExtractedConfidence>
          <LocatorThreshold>70.00%</LocatorThreshold>
          <ResType>ResultTrueNegatives</ResType>
        </DocumentField>
        <DocumentField Name="IBAN">
          <OriginalText>CH51RAIF4X0267163119556M</OriginalText>
          <ExtractedText>CH51RAIF4X0267163119556M</ExtractedText>
          <ExtractedConfidence>68.04%</ExtractedConfidence>
          <LocatorThreshold>70.00%</LocatorThreshold>
          <ResType>ResultTrueNegatives</ResType>
        </DocumentField>
        <DocumentField Name="PaymentReason">
          <OriginalText>Voluptatem distinctio con</OriginalText>
          <ExtractedText>Voluptatem distinctio con</ExtractedText>
          <ExtractedConfidence>74.50%</ExtractedConfidence>
          <LocatorThreshold>60.00%</LocatorThreshold>
          <ResType>ResultTruePositives</ResType>
        </DocumentField>
        <DocumentField Name="ClientName">
          <OriginalText>Fuchs, Zollinger and Furrer</OriginalText>
          <ExtractedText>Fuchs, Zollinger and Furrer</ExtractedText>
          <ExtractedConfidence>78.50%</ExtractedConfidence>
          <LocatorThreshold>60.00%</LocatorThreshold>
          <ResType>ResultTruePositives</ResType>
        </DocumentField>
      </DocumentFields>
      <DocID>24</DocID>
    </BenchmarkDocument>
    <BenchmarkDocument Name="C:\UBS\tif_col_benchmark RS\p185.xdc" className="Payment" TruePositives="0.4" FalsePositives="0" TrueNegatives="0.4" FalseNegatives="0.2">
      <DocumentFields>
        <DocumentField Name="Amount">
          <OriginalText>19369.00</OriginalText>
          <ExtractedText />
          <ExtractedConfidence>0.00%</ExtractedConfidence>
          <LocatorThreshold>70.00%</LocatorThreshold>
          <ResType>ResultFalseNegatives</ResType>
        </DocumentField>
        <DocumentField Name="Currency">
          <OriginalText>GBP</OriginalText>
          <ExtractedText>GBP</ExtractedText>
          <ExtractedConfidence>56.94%</ExtractedConfidence>
          <LocatorThreshold>70.00%</LocatorThreshold>
          <ResType>ResultTrueNegatives</ResType>
        </DocumentField>
        <DocumentField Name="IBAN">
          <OriginalText>CH14RBAB7802271146899464F</OriginalText>
          <ExtractedText>CH14RBAB7802271146899464F</ExtractedText>
          <ExtractedConfidence>68.37%</ExtractedConfidence>
          <LocatorThreshold>70.00%</LocatorThreshold>
          <ResType>ResultTrueNegatives</ResType>
        </DocumentField>
        <DocumentField Name="PaymentReason">
          <OriginalText />
          <ExtractedText />
          <ExtractedConfidence>0.00%</ExtractedConfidence>
          <LocatorThreshold>60.00%</LocatorThreshold>
          <ResType>ResultTruePositives</ResType>
        </DocumentField>
        <DocumentField Name="ClientName">
          <OriginalText>Sutter - Zbinden</OriginalText>
          <ExtractedText>Sutter - Zbinden</ExtractedText>
          <ExtractedConfidence>71.03%</ExtractedConfidence>
          <LocatorThreshold>60.00%</LocatorThreshold>
          <ResType>ResultTruePositives</ResType>
        </DocumentField>
      </DocumentFields>
      <DocID>25</DocID>
    </BenchmarkDocument>
    <BenchmarkDocument Name="C:\UBS\tif_col_benchmark RS\p186.xdc" className="Payment" TruePositives="0.2" FalsePositives="0" TrueNegatives="0.4" FalseNegatives="0.4">
      <DocumentFields>
        <DocumentField Name="Amount">
          <OriginalText>41975.00</OriginalText>
          <ExtractedText />
          <ExtractedConfidence>0.00%</ExtractedConfidence>
          <LocatorThreshold>70.00%</LocatorThreshold>
          <ResType>ResultFalseNegatives</ResType>
        </DocumentField>
        <DocumentField Name="Currency">
          <OriginalText>CHF</OriginalText>
          <ExtractedText>CHF</ExtractedText>
          <ExtractedConfidence>56.10%</ExtractedConfidence>
          <LocatorThreshold>70.00%</LocatorThreshold>
          <ResType>ResultTrueNegatives</ResType>
        </DocumentField>
        <DocumentField Name="IBAN">
          <OriginalText>CH96UBSB3502595665704192H</OriginalText>
          <ExtractedText />
          <ExtractedConfidence>0.00%</ExtractedConfidence>
          <LocatorThreshold>70.00%</LocatorThreshold>
          <ResType>ResultFalseNegatives</ResType>
        </DocumentField>
        <DocumentField Name="PaymentReason">
          <OriginalText>In nam error.</OriginalText>
          <ExtractedText>In nam error.</ExtractedText>
          <ExtractedConfidence>59.29%</ExtractedConfidence>
          <LocatorThreshold>60.00%</LocatorThreshold>
          <ResType>ResultTrueNegatives</ResType>
        </DocumentField>
        <DocumentField Name="ClientName">
          <OriginalText>Bernasconi, Geiger and Ernst</OriginalText>
          <ExtractedText>Bernasconi, Geiger and Ernst</ExtractedText>
          <ExtractedConfidence>75.91%</ExtractedConfidence>
          <LocatorThreshold>60.00%</LocatorThreshold>
          <ResType>ResultTruePositives</ResType>
        </DocumentField>
      </DocumentFields>
      <DocID>26</DocID>
    </BenchmarkDocument>
    <BenchmarkDocument Name="C:\UBS\tif_col_benchmark RS\p187.xdc" className="Payment" TruePositives="0.6" FalsePositives="0" TrueNegatives="0.2" FalseNegatives="0.2">
      <DocumentFields>
        <DocumentField Name="Amount">
          <OriginalText>20893.00</OriginalText>
          <ExtractedText>20893.00</ExtractedText>
          <ExtractedConfidence>53.26%</ExtractedConfidence>
          <LocatorThreshold>70.00%</LocatorThreshold>
          <ResType>ResultTrueNegatives</ResType>
        </DocumentField>
        <DocumentField Name="Currency">
          <OriginalText>EUR</OriginalText>
          <ExtractedText />
          <ExtractedConfidence>0.00%</ExtractedConfidence>
          <LocatorThreshold>70.00%</LocatorThreshold>
          <ResType>ResultFalseNegatives</ResType>
        </DocumentField>
        <DocumentField Name="IBAN">
          <OriginalText>CH53UBSW9702481990231532K</OriginalText>
          <ExtractedText>CH53UBSW9702481990231532K</ExtractedText>
          <ExtractedConfidence>73.77%</ExtractedConfidence>
          <LocatorThreshold>70.00%</LocatorThreshold>
          <ResType>ResultTruePositives</ResType>
        </DocumentField>
        <DocumentField Name="PaymentReason">
          <OriginalText />
          <ExtractedText />
          <ExtractedConfidence>0.00%</ExtractedConfidence>
          <LocatorThreshold>60.00%</LocatorThreshold>
          <ResType>ResultTruePositives</ResType>
        </DocumentField>
        <DocumentField Name="ClientName">
          <OriginalText>Stéphane Hodel</OriginalText>
          <ExtractedText>Stéphane Hodel</ExtractedText>
          <ExtractedConfidence>75.88%</ExtractedConfidence>
          <LocatorThreshold>60.00%</LocatorThreshold>
          <ResType>ResultTruePositives</ResType>
        </DocumentField>
      </DocumentFields>
      <DocID>27</DocID>
    </BenchmarkDocument>
    <BenchmarkDocument Name="C:\UBS\tif_col_benchmark RS\p188.xdc" className="Payment" TruePositives="0.4" FalsePositives="0" TrueNegatives="0.2" FalseNegatives="0.4">
      <DocumentFields>
        <DocumentField Name="Amount">
          <OriginalText>12479.00</OriginalText>
          <ExtractedText />
          <ExtractedConfidence>0.00%</ExtractedConfidence>
          <LocatorThreshold>70.00%</LocatorThreshold>
          <ResType>ResultFalseNegatives</ResType>
        </DocumentField>
        <DocumentField Name="Currency">
          <OriginalText>CHF</OriginalText>
          <ExtractedText>CHF</ExtractedText>
          <ExtractedConfidence>48.57%</ExtractedConfidence>
          <LocatorThreshold>70.00%</LocatorThreshold>
          <ResType>ResultTrueNegatives</ResType>
        </DocumentField>
        <DocumentField Name="IBAN">
          <OriginalText>CH44RBAB5902748616433469P</OriginalText>
          <ExtractedText />
          <ExtractedConfidence>0.00%</ExtractedConfidence>
          <LocatorThreshold>70.00%</LocatorThreshold>
          <ResType>ResultFalseNegatives</ResType>
        </DocumentField>
        <DocumentField Name="PaymentReason">
          <OriginalText />
          <ExtractedText />
          <ExtractedConfidence>0.00%</ExtractedConfidence>
          <LocatorThreshold>60.00%</LocatorThreshold>
          <ResType>ResultTruePositives</ResType>
        </DocumentField>
        <DocumentField Name="ClientName">
          <OriginalText>Eichenberger, Maier and Steinmann</OriginalText>
          <ExtractedText>Eichenberger, Maier and Steinmann</ExtractedText>
          <ExtractedConfidence>69.69%</ExtractedConfidence>
          <LocatorThreshold>60.00%</LocatorThreshold>
          <ResType>ResultTruePositives</ResType>
        </DocumentField>
      </DocumentFields>
      <DocID>28</DocID>
    </BenchmarkDocument>
    <BenchmarkDocument Name="C:\UBS\tif_col_benchmark RS\p189.xdc" className="Payment" TruePositives="0.4" FalsePositives="0.4" TrueNegatives="0" FalseNegatives="0.2">
      <DocumentFields>
        <DocumentField Name="Amount">
          <OriginalText>48077.00</OriginalText>
          <ExtractedText>77.00</ExtractedText>
          <ExtractedConfidence>72.90%</ExtractedConfidence>
          <LocatorThreshold>70.00%</LocatorThreshold>
          <ResType>ResultFalsePositives</ResType>
        </DocumentField>
        <DocumentField Name="Currency">
          <OriginalText>GBP</OriginalText>
          <ExtractedText>GBP</ExtractedText>
          <ExtractedConfidence>75.84%</ExtractedConfidence>
          <LocatorThreshold>70.00%</LocatorThreshold>
          <ResType>ResultTruePositives</ResType>
        </DocumentField>
        <DocumentField Name="IBAN">
          <OriginalText>CH97UBSW0602236763516486M</OriginalText>
          <ExtractedText>CH97UBSW0602236763516486</ExtractedText>
          <ExtractedConfidence>55.95%</ExtractedConfidence>
          <LocatorThreshold>70.00%</LocatorThreshold>
          <ResType>ResultFalseNegatives</ResType>
        </DocumentField>
        <DocumentField Name="PaymentReason">
          <OriginalText>Velit porro vero providen</OriginalText>
          <ExtractedText />
          <ExtractedConfidence>0.00%</ExtractedConfidence>
          <LocatorThreshold>60.00%</LocatorThreshold>
          <ResType>ResultFalsePositives</ResType>
        </DocumentField>
        <DocumentField Name="ClientName">
          <OriginalText>Schoch &amp; Co.</OriginalText>
          <ExtractedText>Schoch &amp; Co.</ExtractedText>
          <ExtractedConfidence>78.72%</ExtractedConfidence>
          <LocatorThreshold>60.00%</LocatorThreshold>
          <ResType>ResultTruePositives</ResType>
        </DocumentField>
      </DocumentFields>
      <DocID>29</DocID>
    </BenchmarkDocument>
    <BenchmarkDocument Name="C:\UBS\tif_col_benchmark RS\p190.xdc" className="Payment" TruePositives="0.8" FalsePositives="0" TrueNegatives="0" FalseNegatives="0.2">
      <DocumentFields>
        <DocumentField Name="Amount">
          <OriginalText>47108.00</OriginalText>
          <ExtractedText>47108.00</ExtractedText>
          <ExtractedConfidence>75.31%</ExtractedConfidence>
          <LocatorThreshold>70.00%</LocatorThreshold>
          <ResType>ResultTruePositives</ResType>
        </DocumentField>
        <DocumentField Name="Currency">
          <OriginalText>USD</OriginalText>
          <ExtractedText>USD</ExtractedText>
          <ExtractedConfidence>76.95%</ExtractedConfidence>
          <LocatorThreshold>70.00%</LocatorThreshold>
          <ResType>ResultTruePositives</ResType>
        </DocumentField>
        <DocumentField Name="IBAN">
          <OriginalText>CH37CRES210205773847675L</OriginalText>
          <ExtractedText>CH37CRES210205773847675LCRESCHZZ39N</ExtractedText>
          <ExtractedConfidence>58.78%</ExtractedConfidence>
          <LocatorThreshold>70.00%</LocatorThreshold>
          <ResType>ResultFalseNegatives</ResType>
        </DocumentField>
        <DocumentField Name="PaymentReason">
          <OriginalText />
          <ExtractedText />
          <ExtractedConfidence>0.00%</ExtractedConfidence>
          <LocatorThreshold>60.00%</LocatorThreshold>
          <ResType>ResultTruePositives</ResType>
        </DocumentField>
        <DocumentField Name="ClientName">
          <OriginalText>Seiler - Beck</OriginalText>
          <ExtractedText>Seiler - Beck</ExtractedText>
          <ExtractedConfidence>70.91%</ExtractedConfidence>
          <LocatorThreshold>60.00%</LocatorThreshold>
          <ResType>ResultTruePositives</ResType>
        </DocumentField>
      </DocumentFields>
      <DocID>30</DocID>
    </BenchmarkDocument>
    <BenchmarkDocument Name="C:\UBS\tif_col_benchmark RS\p191.xdc" className="Payment" TruePositives="0.6" FalsePositives="0.4" TrueNegatives="0" FalseNegatives="0">
      <DocumentFields>
        <DocumentField Name="Amount">
          <OriginalText>24342.00</OriginalText>
          <ExtractedText>342.00</ExtractedText>
          <ExtractedConfidence>78.72%</ExtractedConfidence>
          <LocatorThreshold>70.00%</LocatorThreshold>
          <ResType>ResultFalsePositives</ResType>
        </DocumentField>
        <DocumentField Name="Currency">
          <OriginalText>CHF</OriginalText>
          <ExtractedText>CHF</ExtractedText>
          <ExtractedConfidence>78.70%</ExtractedConfidence>
          <LocatorThreshold>70.00%</LocatorThreshold>
          <ResType>ResultTruePositives</ResType>
        </DocumentField>
        <DocumentField Name="IBAN">
          <OriginalText>CH86UBSW6402122126331386V</OriginalText>
          <ExtractedText>CH86UBSW6402122126331386</ExtractedText>
          <ExtractedConfidence>73.81%</ExtractedConfidence>
          <LocatorThreshold>70.00%</LocatorThreshold>
          <ResType>ResultFalsePositives</ResType>
        </DocumentField>
        <DocumentField Name="PaymentReason">
          <OriginalText />
          <ExtractedText />
          <ExtractedConfidence>0.00%</ExtractedConfidence>
          <LocatorThreshold>60.00%</LocatorThreshold>
          <ResType>ResultTruePositives</ResType>
        </DocumentField>
        <DocumentField Name="ClientName">
          <OriginalText>Jenni &amp; Co.</OriginalText>
          <ExtractedText>Jenni &amp; Co.</ExtractedText>
          <ExtractedConfidence>76.39%</ExtractedConfidence>
          <LocatorThreshold>60.00%</LocatorThreshold>
          <ResType>ResultTruePositives</ResType>
        </DocumentField>
      </DocumentFields>
      <DocID>31</DocID>
    </BenchmarkDocument>
    <BenchmarkDocument Name="C:\UBS\tif_col_benchmark RS\p192.xdc" className="Payment" TruePositives="0.6" FalsePositives="0" TrueNegatives="0.4" FalseNegatives="0">
      <DocumentFields>
        <DocumentField Name="Amount">
          <OriginalText>31891.00</OriginalText>
          <ExtractedText>31891.00</ExtractedText>
          <ExtractedConfidence>75.36%</ExtractedConfidence>
          <LocatorThreshold>70.00%</LocatorThreshold>
          <ResType>ResultTruePositives</ResType>
        </DocumentField>
        <DocumentField Name="Currency">
          <OriginalText>EUR</OriginalText>
          <ExtractedText>EUR</ExtractedText>
          <ExtractedConfidence>74.83%</ExtractedConfidence>
          <LocatorThreshold>70.00%</LocatorThreshold>
          <ResType>ResultTruePositives</ResType>
        </DocumentField>
        <DocumentField Name="IBAN">
          <OriginalText>CH16RAIF2802606434814520L</OriginalText>
          <ExtractedText>CH16RAIF2802606434814520L</ExtractedText>
          <ExtractedConfidence>68.64%</ExtractedConfidence>
          <LocatorThreshold>70.00%</LocatorThreshold>
          <ResType>ResultTrueNegatives</ResType>
        </DocumentField>
        <DocumentField Name="PaymentReason">
          <OriginalText>Iusto accusamus eveniet i</OriginalText>
          <ExtractedText>Iusto accusamus eveniet i</ExtractedText>
          <ExtractedConfidence>65.85%</ExtractedConfidence>
          <LocatorThreshold>60.00%</LocatorThreshold>
          <ResType>ResultTruePositives</ResType>
        </DocumentField>
        <DocumentField Name="ClientName">
          <OriginalText>Moser - Schmid</OriginalText>
          <ExtractedText>Moser - Schmid</ExtractedText>
          <ExtractedConfidence>44.96%</ExtractedConfidence>
          <LocatorThreshold>60.00%</LocatorThreshold>
          <ResType>ResultTrueNegatives</ResType>
        </DocumentField>
      </DocumentFields>
      <DocID>32</DocID>
    </BenchmarkDocument>
    <BenchmarkDocument Name="C:\UBS\tif_col_benchmark RS\p193.xdc" className="Payment" TruePositives="0.6" FalsePositives="0" TrueNegatives="0.2" FalseNegatives="0.2">
      <DocumentFields>
        <DocumentField Name="Amount">
          <OriginalText>20613.00</OriginalText>
          <ExtractedText>20613.00</ExtractedText>
          <ExtractedConfidence>58.24%</ExtractedConfidence>
          <LocatorThreshold>70.00%</LocatorThreshold>
          <ResType>ResultTrueNegatives</ResType>
        </DocumentField>
        <DocumentField Name="Currency">
          <OriginalText>USD</OriginalText>
          <ExtractedText>USD</ExtractedText>
          <ExtractedConfidence>74.11%</ExtractedConfidence>
          <LocatorThreshold>70.00%</LocatorThreshold>
          <ResType>ResultTruePositives</ResType>
        </DocumentField>
        <DocumentField Name="IBAN">
          <OriginalText>CH61UBSW1502617634261776U</OriginalText>
          <ExtractedText>CH61UBSW1502617634261776</ExtractedText>
          <ExtractedConfidence>65.20%</ExtractedConfidence>
          <LocatorThreshold>70.00%</LocatorThreshold>
          <ResType>ResultFalseNegatives</ResType>
        </DocumentField>
        <DocumentField Name="PaymentReason">
          <OriginalText />
          <ExtractedText />
          <ExtractedConfidence>0.00%</ExtractedConfidence>
          <LocatorThreshold>60.00%</LocatorThreshold>
          <ResType>ResultTruePositives</ResType>
        </DocumentField>
        <DocumentField Name="ClientName">
          <OriginalText>Christina Senn</OriginalText>
          <ExtractedText>Christina Senn</ExtractedText>
          <ExtractedConfidence>76.83%</ExtractedConfidence>
          <LocatorThreshold>60.00%</LocatorThreshold>
          <ResType>ResultTruePositives</ResType>
        </DocumentField>
      </DocumentFields>
      <DocID>33</DocID>
    </BenchmarkDocument>
    <BenchmarkDocument Name="C:\UBS\tif_col_benchmark RS\p194.xdc" className="Payment" TruePositives="0.8" FalsePositives="0" TrueNegatives="0.2" FalseNegatives="0">
      <DocumentFields>
        <DocumentField Name="Amount">
          <OriginalText>19139.00</OriginalText>
          <ExtractedText>19139.00</ExtractedText>
          <ExtractedConfidence>70.14%</ExtractedConfidence>
          <LocatorThreshold>70.00%</LocatorThreshold>
          <ResType>ResultTruePositives</ResType>
        </DocumentField>
        <DocumentField Name="Currency">
          <OriginalText>USD</OriginalText>
          <ExtractedText>USD</ExtractedText>
          <ExtractedConfidence>72.32%</ExtractedConfidence>
          <LocatorThreshold>70.00%</LocatorThreshold>
          <ResType>ResultTruePositives</ResType>
        </DocumentField>
        <DocumentField Name="IBAN">
          <OriginalText>CH26UBSW2802154426598552G</OriginalText>
          <ExtractedText>CH26UBSW2802154426598552G</ExtractedText>
          <ExtractedConfidence>64.31%</ExtractedConfidence>
          <LocatorThreshold>70.00%</LocatorThreshold>
          <ResType>ResultTrueNegatives</ResType>
        </DocumentField>
        <DocumentField Name="PaymentReason">
          <OriginalText>Nihil</OriginalText>
          <ExtractedText>Nihil</ExtractedText>
          <ExtractedConfidence>68.11%</ExtractedConfidence>
          <LocatorThreshold>60.00%</LocatorThreshold>
          <ResType>ResultTruePositives</ResType>
        </DocumentField>
        <DocumentField Name="ClientName">
          <OriginalText>Hauser - Schwab</OriginalText>
          <ExtractedText>Hauser - Schwab</ExtractedText>
          <ExtractedConfidence>75.45%</ExtractedConfidence>
          <LocatorThreshold>60.00%</LocatorThreshold>
          <ResType>ResultTruePositives</ResType>
        </DocumentField>
      </DocumentFields>
      <DocID>34</DocID>
    </BenchmarkDocument>
    <BenchmarkDocument Name="C:\UBS\tif_col_benchmark RS\p195.xdc" className="Payment" TruePositives="0.4" FalsePositives="0" TrueNegatives="0.2" FalseNegatives="0.4">
      <DocumentFields>
        <DocumentField Name="Amount">
          <OriginalText>8386.00</OriginalText>
          <ExtractedText />
          <ExtractedConfidence>0.00%</ExtractedConfidence>
          <LocatorThreshold>70.00%</LocatorThreshold>
          <ResType>ResultFalseNegatives</ResType>
        </DocumentField>
        <DocumentField Name="Currency">
          <OriginalText>USD</OriginalText>
          <ExtractedText>USD</ExtractedText>
          <ExtractedConfidence>68.53%</ExtractedConfidence>
          <LocatorThreshold>70.00%</LocatorThreshold>
          <ResType>ResultTrueNegatives</ResType>
        </DocumentField>
        <DocumentField Name="IBAN">
          <OriginalText>CH90UBSW6902175562239536B</OriginalText>
          <ExtractedText />
          <ExtractedConfidence>0.00%</ExtractedConfidence>
          <LocatorThreshold>70.00%</LocatorThreshold>
          <ResType>ResultFalseNegatives</ResType>
        </DocumentField>
        <DocumentField Name="PaymentReason">
          <OriginalText />
          <ExtractedText />
          <ExtractedConfidence>0.00%</ExtractedConfidence>
          <LocatorThreshold>60.00%</LocatorThreshold>
          <ResType>ResultTruePositives</ResType>
        </DocumentField>
        <DocumentField Name="ClientName">
          <OriginalText>Roger Baumgartner</OriginalText>
          <ExtractedText>Roger Baumgartner</ExtractedText>
          <ExtractedConfidence>78.90%</ExtractedConfidence>
          <LocatorThreshold>60.00%</LocatorThreshold>
          <ResType>ResultTruePositives</ResType>
        </DocumentField>
      </DocumentFields>
      <DocID>35</DocID>
    </BenchmarkDocument>
    <BenchmarkDocument Name="C:\UBS\tif_col_benchmark RS\p196.xdc" className="Payment" TruePositives="0.6" FalsePositives="0" TrueNegatives="0.4" FalseNegatives="0">
      <DocumentFields>
        <DocumentField Name="Amount">
          <OriginalText>1716.00</OriginalText>
          <ExtractedText>1716.00</ExtractedText>
          <ExtractedConfidence>78.37%</ExtractedConfidence>
          <LocatorThreshold>70.00%</LocatorThreshold>
          <ResType>ResultTruePositives</ResType>
        </DocumentField>
        <DocumentField Name="Currency">
          <OriginalText>CHF</OriginalText>
          <ExtractedText>CHF</ExtractedText>
          <ExtractedConfidence>68.95%</ExtractedConfidence>
          <LocatorThreshold>70.00%</LocatorThreshold>
          <ResType>ResultTrueNegatives</ResType>
        </DocumentField>
        <DocumentField Name="IBAN">
          <OriginalText>CH32UBSW1R02321119793333L</OriginalText>
          <ExtractedText>CH32UBSW1R02321119793333L</ExtractedText>
          <ExtractedConfidence>74.24%</ExtractedConfidence>
          <LocatorThreshold>70.00%</LocatorThreshold>
          <ResType>ResultTruePositives</ResType>
        </DocumentField>
        <DocumentField Name="PaymentReason">
          <OriginalText>Dolorem aut cum volu</OriginalText>
          <ExtractedText>Dolorem aut cum volu</ExtractedText>
          <ExtractedConfidence>57.34%</ExtractedConfidence>
          <LocatorThreshold>60.00%</LocatorThreshold>
          <ResType>ResultTrueNegatives</ResType>
        </DocumentField>
        <DocumentField Name="ClientName">
          <OriginalText>Herzog - Aebi</OriginalText>
          <ExtractedText>Herzog - Aebi</ExtractedText>
          <ExtractedConfidence>72.87%</ExtractedConfidence>
          <LocatorThreshold>60.00%</LocatorThreshold>
          <ResType>ResultTruePositives</ResType>
        </DocumentField>
      </DocumentFields>
      <DocID>36</DocID>
    </BenchmarkDocument>
    <BenchmarkDocument Name="C:\UBS\tif_col_benchmark RS\p197.xdc" className="Payment" TruePositives="0.8" FalsePositives="0" TrueNegatives="0.2" FalseNegatives="0">
      <DocumentFields>
        <DocumentField Name="Amount">
          <OriginalText>5631.00</OriginalText>
          <ExtractedText>5631.00</ExtractedText>
          <ExtractedConfidence>77.13%</ExtractedConfidence>
          <LocatorThreshold>70.00%</LocatorThreshold>
          <ResType>ResultTruePositives</ResType>
        </DocumentField>
        <DocumentField Name="Currency">
          <OriginalText>GBP</OriginalText>
          <ExtractedText>GBP</ExtractedText>
          <ExtractedConfidence>58.39%</ExtractedConfidence>
          <LocatorThreshold>70.00%</LocatorThreshold>
          <ResType>ResultTrueNegatives</ResType>
        </DocumentField>
        <DocumentField Name="IBAN">
          <OriginalText>CH50UBSW6502263258045525P</OriginalText>
          <ExtractedText>CH50UBSW6502263258045525P</ExtractedText>
          <ExtractedConfidence>72.52%</ExtractedConfidence>
          <LocatorThreshold>70.00%</LocatorThreshold>
          <ResType>ResultTruePositives</ResType>
        </DocumentField>
        <DocumentField Name="PaymentReason">
          <OriginalText />
          <ExtractedText />
          <ExtractedConfidence>0.00%</ExtractedConfidence>
          <LocatorThreshold>60.00%</LocatorThreshold>
          <ResType>ResultTruePositives</ResType>
        </DocumentField>
        <DocumentField Name="ClientName">
          <OriginalText>Hoffmann, Peter and Schumacher</OriginalText>
          <ExtractedText>Hoffmann, Peter and Schumacher</ExtractedText>
          <ExtractedConfidence>75.68%</ExtractedConfidence>
          <LocatorThreshold>60.00%</LocatorThreshold>
          <ResType>ResultTruePositives</ResType>
        </DocumentField>
      </DocumentFields>
      <DocID>37</DocID>
    </BenchmarkDocument>
    <BenchmarkDocument Name="C:\UBS\tif_col_benchmark RS\p198.xdc" className="Payment" TruePositives="0.4" FalsePositives="0.2" TrueNegatives="0.2" FalseNegatives="0.2">
      <DocumentFields>
        <DocumentField Name="Amount">
          <OriginalText>5250.00</OriginalText>
          <ExtractedText />
          <ExtractedConfidence>0.00%</ExtractedConfidence>
          <LocatorThreshold>70.00%</LocatorThreshold>
          <ResType>ResultFalseNegatives</ResType>
        </DocumentField>
        <DocumentField Name="Currency">
          <OriginalText>CHF</OriginalText>
          <ExtractedText>CHF</ExtractedText>
          <ExtractedConfidence>56.98%</ExtractedConfidence>
          <LocatorThreshold>70.00%</LocatorThreshold>
          <ResType>ResultTrueNegatives</ResType>
        </DocumentField>
        <DocumentField Name="IBAN">
          <OriginalText>CH97BAER8902337153599650O</OriginalText>
          <ExtractedText>Wa1ther1and</ExtractedText>
          <ExtractedConfidence>71.16%</ExtractedConfidence>
          <LocatorThreshold>70.00%</LocatorThreshold>
          <ResType>ResultFalsePositives</ResType>
        </DocumentField>
        <DocumentField Name="PaymentReason">
          <OriginalText />
          <ExtractedText />
          <ExtractedConfidence>0.00%</ExtractedConfidence>
          <LocatorThreshold>60.00%</LocatorThreshold>
          <ResType>ResultTruePositives</ResType>
        </DocumentField>
        <DocumentField Name="ClientName">
          <OriginalText>Maier Gruppe</OriginalText>
          <ExtractedText>Maier Gruppe</ExtractedText>
          <ExtractedConfidence>75.79%</ExtractedConfidence>
          <LocatorThreshold>60.00%</LocatorThreshold>
          <ResType>ResultTruePositives</ResType>
        </DocumentField>
      </DocumentFields>
      <DocID>38</DocID>
    </BenchmarkDocument>
    <BenchmarkDocument Name="C:\UBS\tif_col_benchmark RS\p199.xdc" className="Payment" TruePositives="0.8" FalsePositives="0" TrueNegatives="0.2" FalseNegatives="0">
      <DocumentFields>
        <DocumentField Name="Amount">
          <OriginalText>37217.00</OriginalText>
          <ExtractedText>37217.00</ExtractedText>
          <ExtractedConfidence>77.49%</ExtractedConfidence>
          <LocatorThreshold>70.00%</LocatorThreshold>
          <ResType>ResultTruePositives</ResType>
        </DocumentField>
        <DocumentField Name="Currency">
          <OriginalText>GBP</OriginalText>
          <ExtractedText>GBP</ExtractedText>
          <ExtractedConfidence>75.40%</ExtractedConfidence>
          <LocatorThreshold>70.00%</LocatorThreshold>
          <ResType>ResultTruePositives</ResType>
        </DocumentField>
        <DocumentField Name="IBAN">
          <OriginalText>CH62UBSW9902846025747940A</OriginalText>
          <ExtractedText>CH62UBSW9902846025747940A</ExtractedText>
          <ExtractedConfidence>76.15%</ExtractedConfidence>
          <LocatorThreshold>70.00%</LocatorThreshold>
          <ResType>ResultTruePositives</ResType>
        </DocumentField>
        <DocumentField Name="PaymentReason">
          <OriginalText>Veniam consequa</OriginalText>
          <ExtractedText>Veniam consequa</ExtractedText>
          <ExtractedConfidence>75.38%</ExtractedConfidence>
          <LocatorThreshold>60.00%</LocatorThreshold>
          <ResType>ResultTruePositives</ResType>
        </DocumentField>
        <DocumentField Name="ClientName">
          <OriginalText>Rey - Hotz</OriginalText>
          <ExtractedText>Rey - Hotz</ExtractedText>
          <ExtractedConfidence>44.37%</ExtractedConfidence>
          <LocatorThreshold>60.00%</LocatorThreshold>
          <ResType>ResultTrueNegatives</ResType>
        </DocumentField>
      </DocumentFields>
      <DocID>39</DocID>
    </BenchmarkDocument>
    <BenchmarkDocument Name="C:\UBS\tif_col_benchmark RS\p200.xdc" className="Payment" TruePositives="0.6" FalsePositives="0" TrueNegatives="0.4" FalseNegatives="0">
      <DocumentFields>
        <DocumentField Name="Amount">
          <OriginalText>37671.00</OriginalText>
          <ExtractedText>37671.00</ExtractedText>
          <ExtractedConfidence>72.95%</ExtractedConfidence>
          <LocatorThreshold>70.00%</LocatorThreshold>
          <ResType>ResultTruePositives</ResType>
        </DocumentField>
        <DocumentField Name="Currency">
          <OriginalText>USD</OriginalText>
          <ExtractedText>USD</ExtractedText>
          <ExtractedConfidence>73.69%</ExtractedConfidence>
          <LocatorThreshold>70.00%</LocatorThreshold>
          <ResType>ResultTruePositives</ResType>
        </DocumentField>
        <DocumentField Name="IBAN">
          <OriginalText>CH08RAIF1402615697087829P</OriginalText>
          <ExtractedText>CH08RAIF1402615697087829P</ExtractedText>
          <ExtractedConfidence>62.40%</ExtractedConfidence>
          <LocatorThreshold>70.00%</LocatorThreshold>
          <ResType>ResultTrueNegatives</ResType>
        </DocumentField>
        <DocumentField Name="PaymentReason">
          <OriginalText>Laboriosam non sint laboru</OriginalText>
          <ExtractedText>Laboriosam non sint laboru</ExtractedText>
          <ExtractedConfidence>53.46%</ExtractedConfidence>
          <LocatorThreshold>60.00%</LocatorThreshold>
          <ResType>ResultTrueNegatives</ResType>
        </DocumentField>
        <DocumentField Name="ClientName">
          <OriginalText>Kern, Stutz and Bühler</OriginalText>
          <ExtractedText>Kern, Stutz and Bühler</ExtractedText>
          <ExtractedConfidence>67.28%</ExtractedConfidence>
          <LocatorThreshold>60.00%</LocatorThreshold>
          <ResType>ResultTruePositives</ResType>
        </DocumentField>
      </DocumentFields>
      <DocID>40</DocID>
    </BenchmarkDocument>
  </BenchmarkDocuments>
  <CancelPerformBenchmark>false</CancelPerformBenchmark>
  <CurrentSortFieldsMode>TEXT</CurrentSortFieldsMode>
</Benchmark>