<?xml version="1.0" encoding="utf-16"?><SpaPackageImportExportData xmlns:xsd="http://www.w3.org/2001/XMLSchema" xmlns:xsi="http://www.w3.org/2001/XMLSchema-instance" dbversion="7.500000"><PackageSummary><SpaPackageIdentity><Id>03213D3479F54073972264EDF341F748</Id><Name>UBS POC CG+EG</Name><Version>2</Version></SpaPackageIdentity><Description>Extraction and Classification Group from UBS POC</Description><CategoryIdentity><Id>C2C47012910F4DC395EDAB69FA22656D</Id><AutomaticallyPopulate>true</AutomaticallyPopulate><Name>UBS POC</Name></CategoryIdentity><LastModifiedDateTime>2018-11-12T15:23:56.377</LastModifiedDateTime><LastModifiedResource><Id>29F17835C57F4E8C82633062745A977D</Id><AutomaticallyPopulate>true</AutomaticallyPopulate><Name /><ResourceType>Worker</ResourceType><EmailAddress /><UserId /></LastModifiedResource><Comments /><ResourceAccessTokens><ResourceAccess><ResourceIdentity><Id>7DF43CCDF24611D2804B00104B71BD15</Id><AutomaticallyPopulate>true</AutomaticallyPopulate><Name>Everyone</Name><ResourceType>GroupOfWorkers</ResourceType><EmailAddress /><UserId /></ResourceIdentity><AccessType>MaintenanceAccess</AccessType><PermissionType>FullControl</PermissionType></ResourceAccess></ResourceAccessTokens><PermissionType>FullControl</PermissionType></PackageSummary><Processes /><ProcessExportOption><ExportResources>false</ExportResources><ExportGroupResourceMembers>false</ExportGroupResourceMembers><ExportResourcesExtensions>false</ExportResourcesExtensions><ExportCategories>false</ExportCategories><WithCategoryParentage>false</WithCategoryParentage><GeneralizedExport>false</GeneralizedExport><ExportDotNetReferencesWithPath>true</ExportDotNetReferencesWithPath><ExportCaseFragments>false</ExportCaseFragments><ExportTemplateSkins>false</ExportTemplateSkins><ExportExtractionClassificationData>true</ExportExtractionClassificationData><ExportType>CombineAssociatedMaps</ExportType><Version>0</Version><ExportServerVariables>true</ExportServerVariables><PreloadScript>1</PreloadScript><SleepDuration>0</SleepDuration><CategoryIds /><ProcessDocument>false</ProcessDocument><ProcessViewer>false</ProcessViewer><DotNetActivityType>0</DotNetActivityType><Projects /><AllProcessVariables /><ExportOnlyDocumentGroupIdentityDetails>false</ExportOnlyDocumentGroupIdentityDetails><SiteDetailsRequired>false</SiteDetailsRequired><Assets /><PerceptiveSiteDetailsRequired>false</PerceptiveSiteDetailsRequired><IncludeExportConnectorMappings>false</IncludeExportConnectorMappings><IsSpaExport>false</IsSpaExport><ProcessType>BusinessProcess</ProcessType><ProtectedItems /><ExportPageRenditions>false</ExportPageRenditions><ExportReportingTags>false</ExportReportingTags></ProcessExportOption><WorkAllocationRules /><Skins /><BusinessRules /><Assets /><Forms><ImportExportPackageSummaryOfFormIdentity><Identity><Id>75A4B8FF2DF040C7B5AEBDB5794CA257</Id><AutomaticallyPopulate>false</AutomaticallyPopulate><Name>Payment_Validation</Name><Version>2</Version></Identity><LastModifiedBy><Id>29F17835C57F4E8C82633062745A977D</Id><AutomaticallyPopulate>false</AutomaticallyPopulate><ResourceType>Worker</ResourceType><EmailAddress /><UserId /></LastModifiedBy><LastModified>2018-08-31T00:39:55.31</LastModified></ImportExportPackageSummaryOfFormIdentity></Forms><FormExportOptions><ExportHeader>false</ExportHeader><ExportNavigation>false</ExportNavigation><ExportGlobalVariables>true</ExportGlobalVariables><ExportWebServices>false</ExportWebServices><ExportBusinessRules>false</ExportBusinessRules><ExportSecurityTokens>false</ExportSecurityTokens><ExportSecurityRoles>false</ExportSecurityRoles><ExportRoleMembers>false</ExportRoleMembers><IsSpaExport>false</IsSpaExport></FormExportOptions><Navigations /><DeviceSettings /><Sites /><Themes /><Languages /><Lookups /><Resources /><Entities /><WorkTypes /><Checklists /><Folders /><ExtractionGroups><ImportExportPackageSummaryOfDocumentGroupIdentity><Identity><Id>38789512BB614390B81AF9707AF0B56D</Id><Version>8</Version><Name>UBS POC</Name></Identity><LastModifiedBy><Id>29F17835C57F4E8C82633062745A977D</Id><AutomaticallyPopulate>true</AutomaticallyPopulate><ResourceType>Worker</ResourceType><EmailAddress /><UserId /></LastModifiedBy><LastModified>2018-11-12T15:23:33.127</LastModified></ImportExportPackageSummaryOfDocumentGroupIdentity></ExtractionGroups><ClassificationGroups><ImportExportPackageSummaryOfClassificationGroupIdentity><Identity><Id>38789512BB614390B81AF9707AF0B56D</Id><Version>8</Version><Name>UBS POC</Name></Identity><LastModifiedBy><Id>29F17835C57F4E8C82633062745A977D</Id><AutomaticallyPopulate>true</AutomaticallyPopulate><ResourceType>Worker</ResourceType><EmailAddress /><UserId /></LastModifiedBy><LastModified>2018-11-12T15:23:33.127</LastModified></ImportExportPackageSummaryOfClassificationGroupIdentity></ClassificationGroups><Formatters /><FieldValidators /><ChecklistItems /><Events /><Targets /><Alerts /><AlertExportOption><ExportAssociatedProcess>false</ExportAssociatedProcess></AlertExportOption><Categories /><ScanVrsProfiles /><SeparationProfiles /><PdfGenerationProfiles /><DocConversionProfiles /><JobSchedules /><RegularExpressions /><Personas /><ServerVariables /><ServerVariablesCollection /><ThreadPools /><GlobalVariables /><GlobalVariablesCollection><ImportExportPackageSummaryOfSessionVariable><Identity><Identity><Name>SESSION_ID</Name><Id>161F8F818093437482D2886B7B6756BB</Id><AutomaticallyPopulate>true</AutomaticallyPopulate></Identity><Description>The current Session Identifer.</Description><Value /><IsLocalizable>false</IsLocalizable><Category><Id>201F370CA5164F76ADDD8EEEFF666AF7</Id><AutomaticallyPopulate>true</AutomaticallyPopulate><Name>Default Category</Name></Category><LastModifiedDateTime>2018-07-09T04:17:32.973</LastModifiedDateTime><IsSecure>false</IsSecure></Identity><LastModifiedBy><Id /><AutomaticallyPopulate>true</AutomaticallyPopulate><ResourceType>Worker</ResourceType><EmailAddress /><UserId /></LastModifiedBy><LastModified>2018-07-09T04:17:32.973</LastModified></ImportExportPackageSummaryOfSessionVariable></GlobalVariablesCollection><ServerXmlExpressionVariables /><DotNetReferences /><MiscellaneousFiles /><Queries /><FormTemplates /><Localisations /><Packages /><ExportConnectorDeploymentProperties /><ShowProcessAssociations>true</ShowProcessAssociations><ShowFormAssociations>true</ShowFormAssociations><SystemExportOptions><IncludeNoteTypes>false</IncludeNoteTypes><IncludeHotKeys>false</IncludeHotKeys><IncludePageRenditions>false</IncludePageRenditions><IncludeNodeColors>false</IncludeNodeColors><IncludeReportingTags>false</IncludeReportingTags></SystemExportOptions><ShowCategoryAssociations>false</ShowCategoryAssociations><Version><Major>7</Major><Minor>3</Minor><Build>1</Build><Revision>0</Revision></Version><DocumentTypeVariants /><ProtectAllItems>false</ProtectAllItems><IncludeRoleMembers>false</IncludeRoleMembers><IncludeDevices>false</IncludeDevices><IncludeDeviceProfiles>false</IncludeDeviceProfiles><IncludeDeviceSettings>false</IncludeDeviceSettings><ExportConnectorMappings>false</ExportConnectorMappings><WebServices /></SpaPackageImportExportData>