<?xml version="1.0" encoding="utf-8"?>
<FieldChooser xmlns:xsi="http://www.w3.org/2001/XMLSchema-instance" xmlns:xsd="http://www.w3.org/2001/XMLSchema" Version="7.0">
  <FieldRenderers>
    <FieldRenderer Name="@Filename" Lock="true" Show="true" Width="80" Type="Default" Fixed="true" />
    <FieldRenderer Name="@Classname" Lock="false" Show="false" Width="100" Type="Default" Fixed="true" />
    <FieldRenderer Name="@Confidence" Lock="false" Show="true" Width="50" Type="Percent" Fixed="true" />
    <FieldRenderer Name="@AssignedClass" Lock="true" Show="true" Width="100" Type="Default" Fixed="true" />
    <FieldRenderer Name="@FallbackReason" Lock="false" Show="false" Width="200" Type="Default" Fixed="true" />
    <FieldRenderer Name="@FallbackEngineName" Lock="false" Show="false" Width="100" Type="Default" Fixed="true" />
    <FieldRenderer Name="Amount" Lock="false" Show="true" Width="100" Type="Number" Fixed="false" />
    <FieldRenderer Name="Currency" Lock="false" Show="true" Width="70" Type="Default" Fixed="false" />
    <FieldRenderer Name="IBAN" Lock="false" Show="true" Width="200" Type="Default" Fixed="false" />
    <FieldRenderer Name="PaymentReason" Lock="false" Show="true" Width="100" Type="Default" Fixed="false" />
    <FieldRenderer Name="ClientName" Lock="false" Show="true" Width="100" Type="Default" Fixed="false" />
    <FieldRenderer Name="FirstName" Lock="false" Show="false" Width="100" Type="Default" Fixed="false" />
    <FieldRenderer Name="LastName" Lock="false" Show="false" Width="100" Type="Default" Fixed="false" />
  </FieldRenderers>
</FieldChooser>